0,1,2,3,4,5,6,7,8,9,10,11,12,13,14,15,16,17,18,19,20,21,22,23,24,25,26,27,chi2
45.153371787294674,-0.021107604050838075,-0.026949899256047714,0.0,0.0,159.11078106791769,85.31138937899816,0.03567553937222268,-0.021446866380414015,0.0,0.0,210.00967557354332,97.53686597821542,-0.06959166431277464,-0.00520368590618618,0.0,0.0,192.06400586701193,130.1812916140744,0.023627610266525163,-0.018284937636746965,0.0,0.0,212.0236653480047,-12.650930960792246,-11.26231283870033,-13.37639690548919,-11.032723583123184,68.07258166794703
45.15331895706981,-0.023976320834238826,-0.021695156777480767,0.0,0.0,159.11076958569615,85.31938649698955,0.03606009994754636,-0.005284861515179829,0.0,0.0,210.01392885572366,97.49529477390674,-0.0570654473043003,-0.04353138727563869,0.0,0.0,227.14651306918452,130.18230883105184,0.02345987790628371,-0.005493950617424525,0.0,0.0,212.02459954700834,-11.502338756459794,-11.275847197016615,-13.35328134610033,-11.13400355760387,68.50998065689966
45.15371377690755,-0.021483712118006756,-0.029703842196036407,0.0,0.0,159.11095087439386,85.31197559083425,0.01878885482386242,-0.021165175106549257,0.0,0.0,210.01100589117064,97.52585591324717,0.049650504965611124,0.10000998561930154,0.0,0.0,179.17866245505266,130.1826241096262,0.010139739090652527,-0.018185055710316356,0.0,0.0,212.024496472894,-12.225973609736712,-11.260648601808631,-13.538092092031727,-11.04041896597195,71.21357382670628
45.153771403290285,-0.02123055096317114,-0.026248963154151213,0.0,0.0,159.11087578895908,85.31011168334142,0.01903290738853954,-0.009319148425894744,0.0,0.0,210.00509227617732,98.12444802124111,0.028648887462820426,-0.021712858479732994,0.0,0.0,211.37012777626245,130.1809589163287,0.008378566837663477,-0.009672336563665096,0.0,0.0,212.025002663781,-10.909188063222262,-11.250279870663384,-13.81550543184532,-10.614920040867423,71.59922289202956
45.15457136637551,-0.032546224045917754,-0.01989499848156159,0.0,0.0,159.10915550967061,65.4513859238614,-0.012862233338924806,-0.08317431028604766,0.0,0.0,202.12500582567225,85.31341920116166,-0.012059025490894007,-0.018151671363298014,0.0,0.0,210.0106907360156,130.1843206032177,-0.015170991184938145,-0.015345921569962239,0.0,0.0,212.0252210155696,-10.517753373651395,-13.615681775147433,-11.194362531503213,-10.911862296496176,72.52815934438001
45.15362663005963,-0.025977462767932776,-0.03115285918638839,0.0,0.0,159.1107170900088,85.31607027303954,0.02399722149176046,-0.02286096080089706,0.0,0.0,210.00573023259545,104.02824598514607,0.011970757649464895,0.00797617018052987,0.0,0.0,189.7324419950563,130.18371258411509,0.014124540830899658,-0.019810000401215534,0.0,0.0,212.02406192495945,-11.017719426960014,-11.296659038185032,-13.815481806935308,-11.40063323970049,73.2225403056456
45.15364529719514,-0.021601721362998694,-0.03897798818528581,0.0,0.0,159.11058097420246,85.31131783811391,0.03212330391731256,-0.02899421900344501,0.0,0.0,210.0018357857895,98.09306815155462,0.040022593767299976,-0.03939016762108582,0.0,0.0,211.89398264111622,130.18056199233206,0.018359831415717492,-0.02661706350729611,0.0,0.0,212.02489201162857,-11.074628766378453,-11.36004541170551,-13.785609812559235,-10.711920638989895,73.50346268936275
45.15362825144497,-0.023490515840824164,-0.029587581218545836,0.0,0.0,159.11074826508528,85.31087929740181,0.025963111503481507,-0.016276840440830522,0.0,0.0,210.01178043635468,111.56032636860591,0.001490968105666584,0.039100911177855635,0.0,0.0,177.29304113222463,130.18377031611166,0.015431360372659159,-0.015005299259493099,0.0,0.0,212.02456803661462,-11.75551120781273,-11.29730320210333,-13.815489087784783,-11.007874093876104,73.81815046050869
45.15357481759965,-0.022079899093066156,-0.030175986248553947,0.0,0.0,159.11075674042232,85.31680806643627,0.03493800132963386,-0.027730701233128333,0.0,0.0,210.00579005315964,111.44163194273118,0.019134878660102547,-0.011916451713433057,0.0,0.0,159.4576636852194,130.18198228370008,0.023262191992201763,-0.02312286440354499,0.0,0.0,212.02456186539396,-11.70819161109438,-11.262119864310785,-13.69803094814016,-11.428951676218873,74.15285401732889
45.1537775288776,-0.02176558302610368,-0.021626740142656167,0.0,0.0,159.11089661806602,85.31600387283616,0.018596445807528294,-0.012216358580813318,0.0,0.0,210.00647471619777,108.37011056748173,0.004697829336456528,0.016091874499052944,0.0,0.0,193.13690584603216,130.1828895814525,0.010169574383543377,-0.010165398289558968,0.0,0.0,212.02379258801534,-11.499059951960668,-11.181249931800618,-13.815459839791354,-11.362959695428861,74.95064426075447
45.15354118513217,-0.020808293272034335,-0.029759655025745627,0.0,0.0,159.11078668981017,85.31629610141214,0.035784479380305004,-0.03213816243477929,0.0,0.0,210.00970085746278,111.51330410859796,0.006732083952763215,0.007769633237993354,0.0,0.0,215.21719942372562,130.18012182741015,0.02419090807817938,-0.026181719049374268,0.0,0.0,212.02445161825457,-12.284027155553517,-11.222089435341276,-13.80928807651322,-11.633528187981986,75.1314282920842
45.153357916020816,-0.02508111959038054,-0.039602287128720416,0.0,0.0,159.1105831559682,85.31578392569226,0.04015179793116066,-0.04371445940415939,0.0,0.0,210.0050984326869,108.39749434465539,0.027698281329183255,-0.02401188748893391,0.0,0.0,256.7763388112588,130.1809201777065,0.02739409486164426,-0.03746146005377015,0.0,0.0,212.02418831960264,-11.61192058229285,-11.342338152864704,-12.993929346156765,-11.53587570478082,75.51460212301903
45.15386273471374,-0.023179052747171632,-0.024665831029097897,0.0,0.0,159.11084045441612,85.31609763151698,0.019061220562512922,-0.012124237775351201,0.0,0.0,210.00522604927997,111.43040971402303,0.004450778882273939,0.0013791250906058155,0.0,0.0,159.84775573824288,130.18246893909765,0.010471979571366153,-0.010293976738525008,0.0,0.0,212.0246710631967,-11.67267411748644,-11.2308542889364,-13.8154971676412,-11.383409569630377,76.12536168264641
45.15355781859839,-0.018280994927613238,-0.016022590347057646,0.0,0.0,159.11081091536948,85.31649052497846,0.028697718334667735,-0.011809385034387339,0.0,0.0,210.00496899533158,104.35460783434344,0.013389026586116915,-0.02124718673993514,0.0,0.0,234.0156355386302,130.18244567064002,0.018598787159906045,-0.009633697048310907,0.0,0.0,212.02493642170037,-11.494229187725844,-11.111842018414125,-13.778333041713113,-11.108566313440333,76.13892912060189
45.15376985233895,-0.021782567771626005,-0.021525340425991215,0.0,0.0,159.1109067232889,85.31491068452515,0.018480201431673483,-0.011150119457330018,0.0,0.0,210.00629330399184,108.35667938629017,0.002264655144023721,0.010084918566054061,0.0,0.0,194.13560725304066,130.18258422867098,0.010023884559551144,-0.00930640959224911,0.0,0.0,212.02368341874677,-11.541182835154261,-11.185441445490772,-13.815370362884074,-11.268152312340534,76.32895092728462
45.153601324320945,-0.019598288745628394,-0.0154070037747846,0.0,0.0,159.11073308054546,85.31742334369612,0.028326791587146214,-0.012690490164508112,0.0,0.0,210.00730612242813,104.02853826050354,-0.008008379978244058,0.0009137591970002385,0.0,0.0,169.1165162888655,130.18430712594483,0.017802456399521993,-0.010077274147306645,0.0,0.0,212.02430803854114,-10.64380202530866,-11.106024610638606,-13.815366378665127,-11.14775690956812,76.5610593193979
45.15342933905822,-0.028485056637874977,-0.008584062688824137,0.0,0.0,159.1098487770621,65.38867084984487,-0.061692122544377156,0.001022126137307539,0.0,0.0,190.84069670979875,85.31283454376963,0.03410892287739652,0.0053886246593702345,0.0,0.0,210.0135432720452,130.18079286533333,0.021875236885698653,0.0032482280427695,0.0,0.0,212.02490037150525,-12.520486952792016,-13.643454282653229,-11.247100086834655,-10.742898700169274,76.65592443366927
45.1536796992703,-0.022111750957778356,-0.022863544937510884,0.0,0.0,159.11087114166628,85.31821001292089,0.02262893519361651,-0.016196480883372704,0.0,0.0,210.00349077914103,108.347102324751,0.015968546433891007,0.015528471540522436,0.0,0.0,191.83800558253157,130.18315878582447,0.013466629743090758,-0.013451344323812786,0.0,0.0,212.02378972252396,-11.444155037791068,-11.18878562067645,-13.782360070237024,-11.40666408798271,76.70086433127936
45.15355041265591,-0.024608274413897718,-0.03164044741380468,0.0,0.0,159.1107257432819,85.31487553215665,0.028375142442564866,-0.025647026519665737,0.0,0.0,210.0052167395778,108.39700846508879,0.016842705735331268,-0.007419963259161961,0.0,0.0,256.89319023559506,130.1811329360267,0.01809820691338992,-0.022279140624890798,0.0,0.0,212.02421565300594,-11.631352362464963,-11.292380594348964,-13.023548738607419,-11.47142191760292,76.80919785879931
45.1541675185099,-0.03200016841838117,-0.013170432609378464,0.0,0.0,159.10916784009714,65.39282182995605,-0.09039737087079873,-0.002644578554121717,0.0,0.0,190.3019267887826,85.31188056990104,0.0064854557574985875,-0.0044933649576365566,0.0,0.0,210.0130760167628,130.18183861017266,0.0001661789208943161,-0.004147786314809995,0.0,0.0,212.02488652516934,-12.517294999238226,-13.81550821436111,-11.18898287952592,-10.87869345301617,77.12808554181956
45.153929887784216,-0.023029376890134214,-0.02319185778591088,0.0,0.0,159.11094462771814,85.31307768556663,0.016375228994300876,-0.013639591797858765,0.0,0.0,210.0102897623151,103.98800791777481,0.006183474977656241,0.011441839244440949,0.0,0.0,163.64628328750317,130.18257338712957,0.00870170465910197,-0.01138617179901467,0.0,0.0,212.02464457880026,-11.726137375935888,-11.196863766144626,-13.81542202956917,-11.220652130681835,78.30517414454403
45.155082509322796,-0.00807600462474535,-0.017409143067615443,0.0,0.0,159.10859777512314,65.39165332224005,0.06265566526031943,-0.0487335981980116,0.0,0.0,213.70116939369103,85.31754009464802,0.0032044467163470165,-0.03449704671414364,0.0,0.0,210.0082524591706,130.1824063674892,-0.0025794876730636522,-0.028805767506420936,0.0,0.0,212.02464983639763,-11.86647014814068,-13.569099635862084,-11.27408370844472,-11.504850379695167,78.36219611095217
45.15351931096165,-0.024687903759558188,-0.038073027561328264,0.0,0.0,159.11062214656656,85.31472053532804,0.04096202497121001,-0.036867263450459896,0.0,0.0,210.0107610856424,97.53607524464421,-0.059237682128122505,0.048706783749559654,0.0,0.0,156.389018562947,130.18137334415107,0.0276298574781316,-0.031771658166167796,0.0,0.0,212.02417623021816,-11.655719748421555,-11.355154121580386,-13.537185593900887,-11.203676105606853,78.38566987674176
45.153795147392934,-0.022444099144384954,-0.02281730922148263,0.0,0.0,159.11081921757503,85.31660759312312,0.02075274177967007,-0.013840058671240522,0.0,0.0,210.00578009473944,108.35773876806581,0.007862532428866965,0.01313731690377342,0.0,0.0,171.36993609561497,130.18345008568963,0.011941087974304916,-0.01181482689121331,0.0,0.0,212.0247763972333,-11.37438505345638,-11.19900920010245,-13.815376303923474,-11.375071705942691,78.47396855598487
45.153823010652694,-0.02128047363801988,-0.020041255053473706,0.0,0.0,159.1110353867035,85.31237926706517,0.015264123431459648,-0.009833903366791652,0.0,0.0,210.01084266720633,104.02208371580925,0.03505917408129793,0.006923255116492171,0.0,0.0,183.59080669606536,130.18359117623754,0.007782783127096343,-0.008307017812411088,0.0,0.0,212.02435787775718,-12.09258232010502,-11.160241576748806,-13.815441151137472,-11.401074290464976,78.6560514818313
45.153732409691415,-0.01899711040690907,-0.02370436104972055,0.0,0.0,159.110773887525,85.31297765072117,0.02706006921358234,-0.017728061707118853,0.0,0.0,210.01200401599047,103.99885688932832,0.0029296461058713657,0.0050208574870920855,0.0,0.0,218.0654706337054,130.18196738194735,0.017314936351843467,-0.014361825586687905,0.0,0.0,212.02452564301106,-12.030885454083895,-11.183341476017388,-13.815471814099043,-11.237310660835057,78.85031227865132
45.15376868552304,-0.019304521060030805,-0.02546283004114399,0.0,0.0,159.11092774128747,85.31171256119784,0.023637092563794045,-0.01210928211997574,0.0,0.0,210.00875351413333,98.17874509141745,0.03296639194903925,-0.0199403662429991,0.0,0.0,209.98009606019252,130.18035593399705,0.01216909834950065,-0.011228747717803635,0.0,0.0,212.02538376650816,-11.016554229603793,-11.220109903409199,-13.770515369889484,-10.895965998542131,79.20952116886876
45.153694982833635,-0.025177646654747143,-0.03194971216106534,0.0,0.0,159.11078608651235,85.31706495231809,0.022751605301920982,-0.023258185996778293,0.0,0.0,210.00642657020435,103.95524417784893,0.01137800760935,-0.00037931607926751734,0.0,0.0,190.34478504769612,130.1833581212386,0.0133468777986362,-0.019829436945564972,0.0,0.0,212.02391866906058,-11.34221462597809,-11.289978174651198,-13.814752729685292,-11.57887206153443,79.38619728704398
45.15393755164189,-0.023236317103547455,-0.023587250349864218,0.0,0.0,159.1109574037881,85.31283473080471,0.017143047145018124,-0.01213297598539689,0.0,0.0,210.01050211377685,103.99846325142757,0.008824710040764032,0.013467600483022939,0.0,0.0,163.10545503211398,130.1823589473095,0.009317583283843868,-0.010209516952486737,0.0,0.0,212.02458381415317,-12.009553497861852,-11.210209178702222,-13.815441900931368,-11.365104785258486,79.55987492486166
45.153738861214975,-0.029626007725957172,-0.03607088992177164,0.0,0.0,159.11062485678568,85.31390208273697,0.020574737181330384,-0.02217408098386393,0.0,0.0,210.00597619648394,104.05633157247854,0.03739073693360134,0.0021717641177395634,0.0,0.0,210.7098092716533,130.18159605248908,0.011259934799527941,-0.020216874205351714,0.0,0.0,212.02376165620788,-11.43110098281365,-11.366100829909966,-13.81550652452798,-11.455375434731366,79.75426255685247
45.15505453694842,-0.006161805058042396,-0.008015520069488673,0.0,0.0,159.10856268074346,65.38978644922354,0.060637049276234666,-0.04023985764824368,0.0,0.0,213.85081599680578,85.31825307188622,0.009533388719309378,-0.02396661265845025,0.0,0.0,210.00847881083573,130.18196086320935,0.002686199474253254,-0.019901278697609118,0.0,0.0,212.02459031174592,-12.064934357910227,-13.424960025370972,-11.224267764009856,-11.531779493162444,79.80469172537964
45.15394224357146,-0.022511286663568456,-0.023508254489619358,0.0,0.0,159.11084542385493,85.3113784523985,0.009953530933725988,-0.010486697233803364,0.0,0.0,210.0119834376841,104.01271855590447,0.01444546000393094,0.013799328893147122,0.0,0.0,239.06463122587647,130.18152933013718,0.0036092724940471714,-0.008842929265489744,0.0,0.0,212.02416736121438,-12.29895329472124,-11.197148680878511,-13.815497417451786,-11.288238193094315,80.31633658133022
45.15386394634351,-0.0254149830646816,-0.028214374816231617,0.0,0.0,159.11086506714275,85.31652881780953,0.01314000860416554,-0.008510059740899396,0.0,0.0,210.00805900486773,103.88161950110249,-0.004752272338445578,0.005269196941471905,0.0,0.0,192.74087630652863,130.1826150797687,0.00547324997035481,-0.00790425525563997,0.0,0.0,212.0236770225959,-12.0280720743172,-11.293444477404904,-13.81538495320482,-11.356302959323944,80.35555923817557
45.15368826122832,-0.02241349154372164,-0.018918144117121092,0.0,0.0,159.11088812970556,85.31557062815358,0.022579008283020407,-0.01197611983113439,0.0,0.0,210.00528774257398,103.9057137723959,0.006030291325264489,0.005507044999146145,0.0,0.0,166.22792625861115,130.1833215715747,0.013308661846897609,-0.009945967650767929,0.0,0.0,212.0246334323164,-11.030852885892898,-11.159046925982206,-13.81519240543949,-10.906514037577159,80.5559773317764
45.15365207193724,-0.020208604451233157,-0.019406147128766215,0.0,0.0,159.1110283418321,85.31340287771489,0.02300120665160803,-0.012384366618752947,0.0,0.0,210.0100406544532,104.01073083919643,0.03687381052564363,0.003967350540488729,0.0,0.0,184.12300612795536,130.18363648566515,0.01405881145487503,-0.010356573573292302,0.0,0.0,212.02436118460167,-11.664180931391948,-11.154646223568358,-13.705608910496624,-11.310414973143704,80.80594052548138
45.15266302315955,-0.04961948232850863,0.011027030999667295,0.0,0.0,159.10901111050376,65.4576099457923,-0.012310103858209435,0.07331759118769544,0.0,0.0,172.63569365279739,85.31822414562563,0.009918229025779619,0.015351910421411987,0.0,0.0,210.00656347190028,130.18402557056206,0.0031543219576579194,0.012108348998404872,0.0,0.0,212.0246617193688,-10.950456563647517,-13.398459836746587,-11.061820681469658,-10.571919922863904,81.31998657215748
45.15387489328993,-0.022646998032552643,-0.023138195112165066,0.0,0.0,159.11082087541953,85.31542527856945,0.015936776121984676,-0.013868034100565257,0.0,0.0,210.00652985388024,111.49431705031533,0.005570627172675281,0.008801634418061302,0.0,0.0,213.96105027533474,130.18024010711682,0.008094088850313364,-0.011507847634448851,0.0,0.0,212.02466112832582,-11.731710298555727,-11.196222295001407,-13.81550800954122,-11.361368557147323,81.97187735498268
45.15351713684292,-0.008432245986417255,-0.0383584745190912,0.0,0.0,159.10996225595972,65.47258100225879,0.04984455172389654,-0.07155269569886663,0.0,0.0,208.78651314692064,85.30966428408938,-0.010396230919156453,-0.024458812816414512,0.0,0.0,209.999034504029,130.18218335191014,-0.013660404275266593,-0.020764443819879665,0.0,0.0,212.0247216710769,-13.813801484727033,-13.815502999114319,-11.229179498138768,-10.82130330823527,82.19823177557382
45.15398317282961,-0.022377231404942736,-0.02627303068416853,0.0,0.0,159.11083846969092,85.31004739849736,0.007570825054425498,-0.014040981161407114,0.0,0.0,210.01421395775225,104.05771423934489,0.012219139110460056,0.010559035285617432,0.0,0.0,238.24616811003847,130.1817414730937,0.0016231281244115385,-0.011899164725920317,0.0,0.0,212.02405566774434,-11.816322839554731,-11.212092356943971,-13.506407516591441,-11.21457525514187,82.28169287701598
45.15388525245886,-0.023375743843544804,-0.020180112760184228,0.0,0.0,159.1108462854429,85.31537939729643,0.013864624610546546,-0.006182487443394352,0.0,0.0,210.00406677360405,108.31340383874984,0.0007602287162395556,0.010856116810845595,0.0,0.0,172.46637825857823,130.18364407807866,0.006366098266631259,-0.005486256665847665,0.0,0.0,212.02471928084253,-11.517822676545427,-11.18721745459677,-13.815115089729622,-11.33230492211658,82.77559028460024
45.15400182708863,-0.0198911453945584,-0.01561872413548992,0.0,0.0,159.11079770157139,85.31294859198752,0.008008242388053937,-0.006696435504566772,0.0,0.0,210.0101474228173,103.99094788650399,0.02546358736010692,-0.0012247380365157515,0.0,0.0,234.9263259230653,130.1824035208439,0.002120753711442775,-0.005276970098342147,0.0,0.0,212.02451180840512,-11.426484219816224,-11.085672276452385,-13.815418169956832,-11.186172770963747,82.7888709240018
45.15377516041549,-0.024958868488004528,-0.03018949237030527,0.0,0.0,159.11083601193286,85.31752421003334,0.01979947340745592,-0.013516675584595447,0.0,0.0,210.00621391936005,103.85248455877546,0.00462210411502613,-0.0026384667466879267,0.0,0.0,192.99377179958438,130.18233145560947,0.010492607368640387,-0.012030995253876613,0.0,0.0,212.02359074583364,-11.716109158016147,-11.310535739156443,-13.696632306174257,-11.528519685097233,83.18399137844494
45.15411922790664,0.009403214234822536,-0.0319393197944123,0.0,0.0,159.11107285086663,65.46208818409451,0.054618790985258604,0.03387984678447457,0.0,0.0,164.16469016441582,85.31148837894058,0.03246813836706305,-0.042373315819746384,0.0,0.0,210.00753575887992,130.1829902576323,0.019632476477900264,-0.03793985868982569,0.0,0.0,212.024822761348,-10.866155287841767,-13.64750707286358,-11.504743392022123,-10.687532352940233,83.51107197293867
45.153447948983974,-0.009338713165640816,-0.036168003900712495,0.0,0.0,159.11007686348165,65.47626774666857,0.05039784020484701,-0.06863328717688422,0.0,0.0,208.65307981495616,85.30953551791795,-0.009296462729702994,-0.017931210477414788,0.0,0.0,209.99842795200962,130.18198912358324,-0.01285330285753797,-0.015454641392565173,0.0,0.0,212.0248318036064,-13.660398246957659,-13.815456856503967,-11.219878919151753,-10.779833855465297,83.67951118506498
45.15374908377851,-0.022865032395356765,-0.025458997075342008,0.0,0.0,159.11087970256034,85.31393273313327,0.019860264420884198,-0.013361965919936086,0.0,0.0,210.0043046440583,108.29723665527189,0.0026291991311536266,-0.0015921193957114034,0.0,0.0,196.15297875612188,130.181656684563,0.010722563439264752,-0.011383365205213882,0.0,0.0,212.02320846782175,-11.629297112603538,-11.240022330283843,-13.815494452900436,-11.209321727409272,83.72223703215221
45.15409919065951,0.009691114346503684,-0.02497963861774604,0.0,0.0,159.11114545122055,65.46002931739446,0.05423427864698488,0.040362738892027704,0.0,0.0,164.16441247855295,85.31120962930461,0.032786558232238534,-0.03298622775853944,0.0,0.0,210.00846990839926,130.18254061375842,0.020261110533817277,-0.029515101705293208,0.0,0.0,212.0247098065441,-11.04878472629304,-13.621272950579254,-11.441091908885873,-10.690447365343093,84.39281567338627
45.1538333691953,-0.025941988724349153,-0.028964341118070187,0.0,0.0,159.11078726954548,85.31668877117369,0.02111391550683321,-0.01656251980511473,0.0,0.0,210.0041946362261,108.36253191253147,0.011630068274299557,0.00046521173830066896,0.0,0.0,170.17075005913762,130.18411387718075,0.01254302208493936,-0.014952372646565092,0.0,0.0,212.02496181439471,-11.625565614922884,-11.280378269479366,-13.04746851107998,-11.468035922781377,84.68603136587555
45.15368131222355,-0.018155336888503692,-0.018714073800022293,0.0,0.0,159.11085597684294,85.31479179206724,0.028057979191685876,-0.0148889360780335,0.0,0.0,210.0077670008233,111.968824128413,0.023477553232525934,-0.010974213349286712,0.0,0.0,211.6616127131563,130.17601220507552,0.015254245042492287,-0.012248697254180726,0.0,0.0,212.02463003424276,-12.163527190759234,-11.123656519901145,-13.815499022157862,-11.50647498118091,85.74622803087433
45.15472307931489,-0.04293326767400839,0.0012793529448428514,0.0,0.0,159.10968408845565,65.47651938130488,-0.09999968866868732,-0.009321371389742423,0.0,0.0,187.73811432060086,85.31499279146414,-0.04058546032563237,0.011827427280862403,0.0,0.0,210.00851714095822,130.18362976985387,-0.037684331995852784,0.009604232829483667,0.0,0.0,212.0251998134299,-12.194828336050955,-13.68299035776959,-11.111432301431725,-11.626253720216493,86.09799082578189
45.15363997554353,-0.02247810313843011,-0.025746491948822146,0.0,0.0,159.1108397935692,85.31538944386189,0.025267589866360636,-0.01404661258111315,0.0,0.0,210.00688736827567,103.84230751061199,0.005739610480639385,-0.0034008550243139106,0.0,0.0,194.46194730600325,130.18125041109272,0.014949375204252425,-0.011826898259619785,0.0,0.0,212.02355611047167,-11.988199733466486,-11.251568539354107,-13.815504850153376,-11.18793345160869,86.15244491441109
45.1538234307559,-0.020897882072208877,-0.021341585326133367,0.0,0.0,159.11080498193311,85.31594258011374,0.016999691411079307,-0.016529519654434346,0.0,0.0,210.00364223063144,115.62296087025553,0.0038524937807900873,-0.0035718523722323213,0.0,0.0,257.64184761163415,130.18195998573864,0.008499220507918332,-0.014485028877087245,0.0,0.0,212.0243437869997,-11.248005427640031,-11.14902601207238,-13.81545986355507,-11.286281629410825,86.21944757595968
45.15380663738262,-0.02214657391710104,-0.03173569511313721,0.0,0.0,159.11074492264675,85.31388192210167,0.025142617255933652,-0.021318645176718387,0.0,0.0,210.00939502618587,104.00218463906667,0.0033994620697712333,-0.0017951285101576798,0.0,0.0,217.40130690426957,130.18242682837177,0.015313549092474656,-0.01818555831124083,0.0,0.0,212.02454526571316,-11.870998863395771,-11.282588724201597,-13.590193155935163,-11.424009080244751,86.37225614325226
45.153969033298644,-0.03248920137280374,-0.012255029287574585,0.0,0.0,159.10981346472852,65.46814658213317,-0.05253587839834848,-0.012218071250063389,0.0,0.0,189.04342838366566,85.31167391261519,0.006261217311792493,-0.010835115198835185,0.0,0.0,210.0147070620104,130.18171322241935,-1.285865278692379e-05,-0.009528444404429157,0.0,0.0,212.0251049508829,-12.935248269708403,-13.212226745926571,-11.191339388520033,-10.797883685436517,86.66696017037688
45.15366321046429,-0.016961383906330892,-0.01406619334265112,0.0,0.0,159.11090064228767,85.31480431606552,0.025433984476442812,-0.010567421438029889,0.0,0.0,210.0049759890881,104.52893829925965,0.03105357840000132,-0.012154297709878081,0.0,0.0,212.68552086702653,130.18001442761522,0.015580956575041988,-0.007993535809377518,0.0,0.0,212.02472527612724,-11.315637697539136,-11.064666159361156,-13.815506628915319,-10.988689284221401,87.19379471791204
45.15379404180438,-0.04372478905266191,-0.007222555123401225,0.0,0.0,159.1102773169873,65.46195725300409,-0.07276504885368199,-0.014372270041219201,0.0,0.0,191.65870412121177,85.3117001464158,-0.022847090388815845,0.028590137861777026,0.0,0.0,210.01054784558778,130.18365791093035,-0.02362525125750399,0.022238959039830166,0.0,0.0,212.02499547054654,-11.881104215308557,-13.462771635291498,-11.168387036977588,-10.699956263379471,88.19802481849246
45.15358265168854,-0.02116454185154614,-0.024205425303214616,0.0,0.0,159.11093157436494,85.31242177200797,0.027601482431971667,-0.01430168463195999,0.0,0.0,210.00990257233622,104.37116553404246,0.03361751214180753,-0.026007573279464978,0.0,0.0,239.0465896016663,130.18013802512647,0.01754508466420269,-0.011543617472047355,0.0,0.0,212.0250738114351,-12.1182060334499,-11.22750882861948,-13.815503618370748,-11.113765795999711,88.45052910183604
45.153680313542495,-0.01657559855858133,-0.014692088508544678,0.0,0.0,159.1108239388909,85.31383543844711,0.024709449044500613,-0.010491463996500808,0.0,0.0,210.00972391397312,103.8524892008914,0.030977789726554444,-0.006906290285445295,0.0,0.0,237.80320817662744,130.18068352852143,0.015274958338799919,-0.008157547870244062,0.0,0.0,212.02461861494106,-11.344524229691324,-11.070244004981028,-13.734108661188218,-11.097807029820117,88.4844523651704
45.153954753731455,-0.02293221555187358,-0.021295568653492334,0.0,0.0,159.11082571619866,85.31482760987556,0.00985265188816336,-0.009309220384973891,0.0,0.0,210.00617555548786,108.35431426096218,0.00670481373561069,0.012211308871270149,0.0,0.0,234.8956042980936,130.18224647987057,0.0032559942892839543,-0.007892519164685984,0.0,0.0,212.02436459090293,-11.70165210132991,-11.17884998420673,-13.81549636125561,-11.364192731171903,88.72054181391407
45.153886814642945,-0.0249822043684667,-0.02456307876437302,0.0,0.0,159.11087344124644,85.31716484296429,0.011613501484353396,-0.006798868644053215,0.0,0.0,210.00482622325663,103.85249116867101,0.004619468161611429,0.007445835930378474,0.0,0.0,191.09922301644536,130.1832791186762,0.004202578384948295,-0.006164125074231041,0.0,0.0,212.0240910239349,-11.351623853277797,-11.249505936419725,-13.81518940527931,-11.526155046313379,88.78817831773941
45.1525129735224,-0.052833614379326634,0.006164364676731963,0.0,0.0,159.10828548944372,65.44773823488627,-0.008186892796898815,0.06139025425627989,0.0,0.0,173.32536768642524,85.32072008486378,0.018514659819872787,0.008206325164104054,0.0,0.0,210.00562515655204,130.183966174031,0.00981114044856403,0.0058891811876186665,0.0,0.0,212.02453158596387,-10.896172797898691,-13.267162185451665,-11.12492476768563,-10.639452539933098,88.86394179334508
45.153916563439616,-0.02609134801871083,-0.026307610000249684,0.0,0.0,159.11078145022876,85.31639956233354,0.01312513207634793,-0.009286153188192595,0.0,0.0,210.0057450166944,108.36819361924405,-0.005601240323780473,0.013805332829555627,0.0,0.0,215.71436093022191,130.18184050711156,0.005180924260868254,-0.008855669412648998,0.0,0.0,212.0249029654526,-11.49396833541354,-11.277736100974936,-13.815458621561024,-11.525428106463023,88.90316795796261
45.15389316155945,-0.022275846321315983,-0.028079528271853237,0.0,0.0,159.11083834674798,85.31481091657942,0.020263657814755212,-0.022068867227590452,0.0,0.0,210.00734136788142,111.54256995085102,0.010785568517946877,0.00843551892423371,0.0,0.0,157.23084704408,130.18178118160114,0.011964823377569529,-0.018034159836573985,0.0,0.0,212.02500665677846,-11.635670619380226,-11.21941994819925,-13.120251167736797,-11.53363451003515,89.08592161300504
45.15415737024357,-0.021313473839355283,-0.015428978895569405,0.0,0.0,159.11076468347443,85.31433248608026,0.0013731672369029077,-0.003067712197263353,0.0,0.0,210.00851347699736,104.01627664640439,0.024149239721877203,-0.002453705999978419,0.0,0.0,233.39913194300337,130.18325422114677,-0.0032171978427709084,-0.0023461729298142418,0.0,0.0,212.02458997611535,-11.362625955649888,-11.095640394460979,-13.815415163014066,-11.573768628704704,89.38114720665162
45.153935160076344,-0.022428589970119667,-0.019485484158590815,0.0,0.0,159.1108360860902,85.3147800427066,0.010547090708079361,-0.007253976300592386,0.0,0.0,210.00627581741827,108.32671084508831,0.005202168993460514,0.009924397778574423,0.0,0.0,235.6358440014788,130.1821805433069,0.0037293177503625,-0.006146020530321533,0.0,0.0,212.0245321149371,-11.534001764539884,-11.163956336151113,-13.815496788310528,-11.309209907849826,89.51491395954324
45.153912640503826,-0.022171859703205173,-0.01891745843483275,0.0,0.0,159.1108299324862,85.31731991177935,0.01487316500611178,-0.0041417929593702925,0.0,0.0,210.00309231825383,103.70530333071679,0.017320939195235883,-0.00026820694793722714,0.0,0.0,215.14907514618827,130.18153513243743,0.00651488154350992,-0.004185108035787375,0.0,0.0,212.0248701787094,-11.386163320293896,-11.176646810933793,-13.81548557244708,-11.441473114376247,89.71723505460325
45.15375810768759,-0.023696141868200193,-0.01866482190868928,0.0,0.0,159.11099710528072,85.31475091957637,0.01989379451884697,-0.006271573191291733,0.0,0.0,210.00436671565842,103.8524905569025,0.008850743838713837,0.007121482153217742,0.0,0.0,165.78759671383943,130.18293304448375,0.01113138317294871,-0.005268725518939813,0.0,0.0,212.02473619029107,-11.353237218955146,-11.174959138513037,-13.709091539340728,-11.064922533696656,89.74116441540073
45.15374603140112,-0.026447866104589195,-0.029222730423261848,0.0,0.0,159.110895997011,85.31584392916605,0.021629458290809464,-0.007296172222696941,0.0,0.0,210.0058594623921,104.37821829998975,0.012129940115561403,-0.024132560125088236,0.0,0.0,157.08736764334392,130.18214810722787,0.011552299745163825,-0.008162223268883039,0.0,0.0,212.02511020729838,-11.347411156674678,-11.326533629591273,-13.815459552508296,-11.24153930016995,90.05008099408057
45.15364978788492,-0.02244580581446569,-0.02673453529296289,0.0,0.0,159.11076747946925,85.31424268198273,0.025555396773831,-0.020602514750388025,0.0,0.0,210.00580674831838,111.48571294360069,0.006360298568771776,0.002545307549038817,0.0,0.0,178.08907001820722,130.18402572627258,0.01515213120980415,-0.017841637271146037,0.0,0.0,212.02447604519827,-11.490021910167036,-11.23814250882096,-13.815508997207733,-11.16863921832014,90.22781312531625
45.15390746687843,-0.02523199119298545,-0.029803485984472113,0.0,0.0,159.11081929776012,85.3139491601245,0.010245116906438999,-0.015326786417259776,0.0,0.0,210.0067107282206,103.92384710122859,0.007836030490518255,0.0028582170519643206,0.0,0.0,240.66550471200068,130.1816962038637,0.003492792530343417,-0.01347145238552208,0.0,0.0,212.02416014630415,-12.347739912239138,-11.272471301813422,-13.815465797920055,-11.360051101771933,90.29502908678492
45.153595106157866,-0.01702962129589298,-0.01880516694015554,0.0,0.0,159.11087566509065,85.3158999470637,0.03131712187766763,-0.017495029552083468,0.0,0.0,210.00263019130452,104.48122432172708,0.034911724758021845,-0.016555628769105435,0.0,0.0,213.50949115869707,130.1798040812596,0.020121522909902823,-0.013820768446419803,0.0,0.0,212.02454849881303,-11.506098849747195,-11.10760562781475,-13.641846756279545,-11.231216716131765,90.33873864914506
45.15399069246719,-0.022242732135216346,-0.018381470788576916,0.0,0.0,159.1108415034762,85.31687193184167,0.010692758626893152,-0.002255005228184494,0.0,0.0,210.00348449764766,103.6904465267877,0.01259387406812448,0.0028165379336085533,0.0,0.0,215.80016699177867,130.18162156399794,0.003120824365330065,-0.002557345446962455,0.0,0.0,212.0251480058131,-11.516528355787399,-11.164714318459385,-13.815437445585072,-11.418239046253497,90.67629036817202
45.15350767896878,-0.016350951597856708,-0.018850092486180667,0.0,0.0,159.11084870259947,85.31534009568635,0.03493068127814579,-0.019189908123695122,0.0,0.0,210.00670052730524,104.56562717671423,0.0376729976270965,-0.019738602350179518,0.0,0.0,211.46543351027287,130.17948068103283,0.022958819978757594,-0.015424602995057305,0.0,0.0,212.02482460474764,-11.36688697480664,-11.11130455737286,-13.748308726220705,-11.131972521744569,90.90313095228902
45.15402965515128,-0.036342012989660055,-0.042971616383512254,0.0,0.0,159.11084020803625,85.31254940014225,0.003254376901125604,-0.0019170786608315223,0.0,0.0,210.0097951509694,104.03053797704375,0.027494954355058106,0.002488434684118356,0.0,0.0,156.17803959237864,130.18254437249783,-0.0032961797716903364,-0.005350858136278612,0.0,0.0,212.0249499646707,-11.902875695136947,-11.504494154435541,-13.815439639142394,-11.487079718539936,91.08455866787097
45.15379772657843,-0.01753720668619619,-0.0038172829258998186,0.0,0.0,159.1109258344942,85.31128813049126,0.013070968766225724,0.0033483455857678,0.0,0.0,210.00877410569035,104.11651095033118,0.03272545880897817,-0.028689973444955864,0.0,0.0,177.9056255935057,130.1857658306682,0.005994049729700929,0.0030484389646005757,0.0,0.0,212.02436138638157,-10.613115194273442,-10.964572449997327,-13.784239679094352,-10.782439285298004,91.217786650805
45.153307727507084,-0.014848533076177214,-0.01742766417815264,0.0,0.0,159.11078265301387,85.31953630572114,0.04481046514363279,-0.02526225502253943,0.0,0.0,210.0038454167046,104.46854472077551,0.04652862794060362,-0.01368242106278,0.0,0.0,163.64889774632803,130.18081508045358,0.030120659951377558,-0.0201994149812933,0.0,0.0,212.02536429831707,-11.06291284802833,-11.071860963138038,-13.815505515157815,-11.115638475153311,91.35049134910608
45.154058045358816,-0.027656374384770956,-0.03042759113602748,0.0,0.0,159.11074293211053,85.31477330792697,0.005124425301757733,-0.008670304971469206,0.0,0.0,210.00933694593675,103.97799854529414,0.014240135719754198,0.010568085612251655,0.0,0.0,211.78739712556617,130.1821556887684,-0.0006450403602929017,-0.008728850100862062,0.0,0.0,212.02375827497832,-11.965901853002132,-11.315035000525173,-13.81540746963025,-11.501191897241611,91.422618292349
45.15400111495147,-0.026359539434276835,-0.028273205592717756,0.0,0.0,159.11073957107558,85.31668547359398,0.007719177226991501,-0.008928951908727122,0.0,0.0,210.0066149167838,103.91083855128734,0.007439853608417858,0.010177033323915095,0.0,0.0,213.83911717498603,130.18199906653558,0.0011987182608290893,-0.008750479424201048,0.0,0.0,212.02410583564347,-11.789207069491981,-11.285064559856025,-13.815328266991635,-11.302106345011694,91.80953636155962
45.15483304251253,-0.02638339989883694,-0.06874253619616139,0.0,0.0,159.1101256478848,64.7911459080535,-0.04861216479691611,-0.09620810918247419,0.0,0.0,181.8015206799134,85.3146809998919,-0.040359460828652514,-0.09995579213383804,0.0,0.0,210.00707913317783,130.18309732743927,-0.03834818302767058,-0.08298022313669665,0.0,0.0,212.02476098890972,-13.433548527782742,-13.247604311057295,-11.358038112181923,-11.485965860910758,91.87975416528751
45.153883873413825,-0.03856617839240411,-0.05309298250522611,0.0,0.0,159.1095752132335,65.45373673663617,0.010683137350914536,-0.09685526602620867,0.0,0.0,204.88577998290964,85.31576485690067,-0.015022366412867976,-0.04770413660047557,0.0,0.0,210.00078854411584,130.1834088687467,-0.017471339295808103,-0.039357138149833916,0.0,0.0,212.02508953119025,-11.02765883619332,-13.652676679582196,-11.265884511428604,-11.294736560188715,91.94653468368215
45.15384453185798,-0.05249639715180748,0.015499807921677376,0.0,0.0,159.11030563872941,65.78540838476758,-0.05044992725324482,0.07281344087430375,0.0,0.0,166.84135021175538,85.3114826374715,-0.021834421681708144,0.033464073250323204,0.0,0.0,210.01194820175314,130.1824330607179,-0.023396722445445526,0.026589878786755217,0.0,0.0,212.02566336930246,-12.198597136682736,-13.512749322583426,-11.125657205635546,-11.205915160742023,92.00270842102539
45.153219517249106,-0.02049191402534968,-0.06958055858944898,0.0,0.0,159.11069135583378,64.79125104267672,0.009968388048629435,-0.0843583136776315,0.0,0.0,189.34147968551966,85.31505020191064,0.015056651474695868,-0.0809199938493031,0.0,0.0,210.00641457366135,130.18235534313231,0.006320516860146529,-0.06806855816702324,0.0,0.0,212.02536326967964,-11.816264395413093,-13.018864347535288,-11.401801858074618,-11.542293342393661,92.24517143642194
45.15373159118495,-0.03895363390977833,-0.03688953638558616,0.0,0.0,159.11123992245857,65.43473144957365,-0.002551895392973927,-0.06506237458456993,0.0,0.0,203.60740939182534,85.31342230659722,-0.001004347613560376,-0.001250434242194521,0.0,0.0,210.00611842634322,130.18312362664363,-0.006870025612702481,-0.002616702154662377,0.0,0.0,212.0245720250283,-11.063843828580481,-13.42129496050959,-11.298653939734677,-11.255489275188586,92.44542164243678
45.15319954071187,-0.010270086044710821,-0.05269761060486596,0.0,0.0,159.11133810756283,65.51779234199648,0.04145881804184329,-0.07128185926236034,0.0,0.0,207.4140806122076,85.31313879419316,0.005422431752989117,-0.04995905494917179,0.0,0.0,210.00261020669868,130.18231121385244,-0.0008189988819149077,-0.041156758960740114,0.0,0.0,212.02463470085144,-11.91821954285323,-13.519287719659511,-11.259321126991935,-11.339387784137706,92.94122661019274
45.15358597575293,-0.01904700823137855,-0.010392819088663992,0.0,0.0,159.11103221473016,85.31592830980938,0.023189494832817396,-0.0013724711368371984,0.0,0.0,210.00421868927987,103.84721160227959,0.031819104806116376,-0.0031583360705089584,0.0,0.0,183.52752167463677,130.18315604585558,0.013683569600427463,-0.0010638141000592553,0.0,0.0,212.02465275048704,-11.535718064057717,-11.071059635399179,-13.815420718726287,-11.175042428970016,93.04821501836821
45.15421722775592,-0.04028117011153378,-0.03456905773147044,0.0,0.0,159.10955313458115,65.460534161569,-0.09999983046525658,-0.05395389246119284,0.0,0.0,193.27415890418607,85.3102381310458,-0.04956489727468428,-0.004437832619845622,0.0,0.0,210.00828205955696,130.18406691304375,-0.045242305045089325,-0.004334667654199592,0.0,0.0,212.02524700968718,-11.738440198710194,-13.791231135967282,-11.187765589081236,-10.77386360231287,93.20295267155635
45.15380725279962,-0.026194999008942135,-0.0279669539056504,0.0,0.0,159.11086851435996,85.31036220760237,0.020578238328474125,0.0009768892170216902,0.0,0.0,210.01458472479436,104.03967680780165,-0.014496418898532612,-0.0029170174727733184,0.0,0.0,196.78943503422482,130.18061966662464,0.01080441555550134,-0.0004442007164138167,0.0,0.0,212.02292946934682,-12.393472017037766,-11.357189478467111,-13.815441172218959,-11.525055982992207,93.39535973243913
45.15404475379808,-0.020212865155987764,-0.006729884684222069,0.0,0.0,159.11077548167648,85.31561935006624,0.0016268889523535675,0.0003726368399642861,0.0,0.0,210.0051091399238,104.01532357866094,0.03262789786387125,-0.005061905172293143,0.0,0.0,231.96804364234134,130.18406434389036,-0.0026366392880499802,0.00127041386370314,0.0,0.0,212.0249175729131,-10.87431916816636,-10.968490885626307,-13.815074635482182,-11.03857243419725,93.97372567095906
45.15359619738271,-0.03609459123092545,-0.0356046791060333,0.0,0.0,159.1107023447714,85.31699074112042,0.014584397465448774,-0.012164937938231197,0.0,0.0,209.99820271496088,104.01403827277258,0.00614225050413838,0.004115213744844881,0.0,0.0,188.28444038726644,130.18467230174258,0.005874645319839973,-0.012715415566859829,0.0,0.0,212.02407217782903,-10.983458369537539,-11.432637823293671,-13.204876113451881,-11.517314892564968,94.20680071056273
45.15401587981919,-0.018986252340208273,-0.012293723335794433,0.0,0.0,159.11082251103653,85.31453084408034,0.009477932072080258,-0.0017786069868928576,0.0,0.0,210.00521069151657,104.35460719423135,0.0015278051477032764,-0.008891881920029121,0.0,0.0,234.9737638302205,130.18284641846344,0.0038799332345833128,-0.0009832616356226815,0.0,0.0,212.0248310583754,-12.116964628514355,-11.065875558568415,-13.195345941704424,-11.55970220647181,94.25037667877342
45.15340581296653,-0.024973184333804365,-0.031264947702260924,0.0,0.0,159.11079618865625,85.31806405629986,0.034989946574075476,-0.021912714311113194,0.0,0.0,210.0042264946857,104.51457357855782,0.0367979012326469,-0.02002206729221718,0.0,0.0,186.35438386583704,130.1825256450673,0.021528637013467123,-0.01981158769760667,0.0,0.0,212.02473785303457,-11.337785199799102,-11.316758297611498,-13.815506163702684,-11.490939385189275,94.40255886091546
45.15374792313529,-0.027015669025676,-0.0417697514928786,0.0,0.0,159.11079602263612,85.31368172354246,0.023524295869116786,-0.028523598947209055,0.0,0.0,210.01023508605567,97.99183064722939,0.0374424493446261,-0.025294541923509634,0.0,0.0,182.43777911640382,130.1830888071162,0.013532187010627226,-0.024639936635960456,0.0,0.0,212.02456983644797,-11.530776068463123,-11.384699889915717,-13.706002115838913,-13.09543041618143,94.43766004053566
45.15383729618888,-0.0249123930418935,-0.019744341096780388,0.0,0.0,159.1108279079454,85.31660415307194,0.010573372214642794,-0.005268425066611282,0.0,0.0,210.00218287713074,111.44150026360137,0.0030864146032905525,0.007628749899728107,0.0,0.0,251.11158494097776,130.18265477183843,0.004299397568801328,-0.004821260125545069,0.0,0.0,212.0244895922423,-11.251045984720756,-11.189414287337453,-13.815465574290663,-11.317531146750504,94.44214258057282
45.15400121196888,0.010740836585739034,-0.004341179833663428,0.0,0.0,159.10994635651156,65.73700969564462,0.06438570905979002,-0.008299448410293555,0.0,0.0,208.9041734640756,85.31365632371232,0.0270794564432252,-0.014256695656942176,0.0,0.0,210.00186499724728,130.18033655994097,0.015885085346457953,-0.011886559337987022,0.0,0.0,212.02524956585987,-11.786019404338804,-13.310961422982869,-11.188131258444187,-11.181754768940165,94.48692772531362
45.15375872629837,-0.017971742538987725,-0.018188120912307742,0.0,0.0,159.1108948642235,85.31457480319281,0.02547774444918582,-0.01218748328887233,0.0,0.0,210.00854690716943,111.97922812058766,0.018148583887075128,-0.008222709871784856,0.0,0.0,210.98961206498302,130.17505634494935,0.012375521601744167,-0.010291562311724265,0.0,0.0,212.02571863383233,-12.319375721409976,-11.11912642593622,-13.467795856182727,-11.631457032813234,94.53129734326302
45.15389309063574,-0.020783213227095036,-0.020570027688246135,0.0,0.0,159.11091108934465,85.31640045038142,0.016603726375107725,-0.01086468256916971,0.0,0.0,210.00410181707738,115.6407411162583,0.011928482376027746,0.00877591995402636,0.0,0.0,270.08595616486355,130.1825973987461,0.00841804527259295,-0.009851027013626331,0.0,0.0,212.02433416240837,-11.566002373000238,-11.161089220874352,-13.815507889117582,-11.449832527105475,94.57676644071734
45.15384831924846,-0.02491071495673739,-0.02343152953970686,0.0,0.0,159.110943487759,85.31632233807882,0.010696911013071863,-0.006254372706810873,0.0,0.0,210.00435278938002,103.8524892511332,0.005794113213116313,0.004833365505735225,0.0,0.0,190.25364669015147,130.18340430472696,0.003416504403114916,-0.005548447328416441,0.0,0.0,212.02430019964905,-11.268836532747741,-11.229538761804216,-13.535994816133115,-11.399135109707348,94.73612324875687
45.15362340601048,-0.017672673548545154,-0.014230043930979916,0.0,0.0,159.11085019210336,85.31748690399931,0.02594880231646367,-0.009452487434488833,0.0,0.0,210.00483555560083,104.46040273628512,0.010425421877586397,-0.014678653304537369,0.0,0.0,232.30069676214038,130.1831891210408,0.01586718135912043,-0.0075950768406126395,0.0,0.0,212.02582811089303,-11.031280450635196,-11.07969605040737,-13.807595554212392,-11.082147708620544,94.82798363290138
45.153588162083395,-0.024230894808686128,-0.027429301235131605,0.0,0.0,159.1103446922163,65.81479818959275,-0.022953727284779953,-0.04132731535045415,0.0,0.0,185.27457924407156,85.32047812089546,0.02823026792616353,-0.022023240626774077,0.0,0.0,210.00207736470287,130.17897560423148,0.015618821684998578,-0.019267454168398795,0.0,0.0,212.02546414849712,-12.85177339227832,-12.992075471442313,-11.227449384360503,-10.873023250629256,94.97765024135843
45.152998653124016,-0.022761929773744125,-0.06157194705783253,0.0,0.0,159.11134393985517,64.8039986537299,0.007846673249021942,-0.0748506142644434,0.0,0.0,188.6980764172112,85.3155500381493,0.011143142540412567,-0.07136194874886832,0.0,0.0,210.00626729640373,130.18262032815625,0.0035724032455199655,-0.05961790168197033,0.0,0.0,212.02535902629828,-11.627728077563777,-12.885802187319252,-11.339691094572437,-11.374160444960399,95.04671389653151
45.153950992595355,-0.01802422192910773,-0.009540716379922926,0.0,0.0,159.11093927760146,85.31447039881485,0.011273669569517576,-0.0008185562646733929,0.0,0.0,210.00735661732494,103.8020884943472,0.01876477880759033,-0.006469358027698227,0.0,0.0,235.88761740296718,130.1812702040661,0.004481151765056882,4.102801775760679e-05,0.0,0.0,212.02502641121112,-11.43125556289756,-11.007826887059617,-13.815489169992597,-11.322646783045897,95.0541186871552
45.154257281227636,-0.024118050121771144,-0.022194230385102112,0.0,0.0,159.11094543002287,85.3148994182712,-0.0017309819798999797,-0.003914945544875155,0.0,0.0,210.00329118817183,112.51524578186948,0.02131454203899495,0.003874052115463926,0.0,0.0,168.5018329353775,130.1865419510707,-0.004101860811113073,-0.009932716478368006,0.0,0.0,212.02433614298482,-11.629399480412488,-11.207659197704483,-13.791513158541363,-11.510484575814903,95.16795791063693
45.15377232759906,-0.029467168501178732,-0.032349171229342805,0.0,0.0,159.1109277195628,85.31443183016165,0.01768584149008166,-0.00786062582294961,0.0,0.0,210.00755997082672,104.00774799919189,-0.010418600574396943,0.00540478114005197,0.0,0.0,245.21919781560376,130.18222264942438,0.008483967822504527,-0.008358470751015257,0.0,0.0,212.0244404791435,-11.83636062080194,-11.380886949716238,-13.815430611806876,-11.914131161567541,95.2125556473639
45.15391960329725,-0.019582651103931446,-0.015096414317433249,0.0,0.0,159.11084762925512,85.31338863895226,0.01175180040682765,-0.002707864543132865,0.0,0.0,210.0087955072013,103.80627925029931,0.018726995217262822,0.000617762290374337,0.0,0.0,239.19904147610424,130.18083190358405,0.004432728128269626,-0.002126294568449005,0.0,0.0,212.0249493454627,-11.409437741820376,-11.103693489913862,-13.815494306350653,-11.16102257708838,95.55554868337506
45.1538261278148,-0.02669810797541905,-0.023360851094383392,0.0,0.0,159.11079636664115,85.31680103188417,0.010895579943909151,-0.007529254869135275,0.0,0.0,210.00195599981618,111.46203010785031,0.0053860223533593096,0.007588830182967303,0.0,0.0,250.45855126436896,130.18251397588202,0.004392401032873138,-0.007059355903772144,0.0,0.0,212.0244755357221,-11.333703567687268,-11.23693780848833,-13.815455623802618,-11.418773503532364,95.67125877551447
45.153561598199715,-0.02394574014823309,-0.023772562442763313,0.0,0.0,159.11086525583227,85.31757868595308,0.02679027051508406,-0.009062175875307915,0.0,0.0,210.00343250905226,104.53025781707473,0.029032326220134637,-0.009025975804183363,0.0,0.0,185.5620289149495,130.18268592189273,0.01518134208942341,-0.00887861147550441,0.0,0.0,212.02495001674845,-11.31072805216643,-11.256084717512733,-13.815484430437273,-11.439009480998527,96.00562601356367
45.15382773766915,-0.02662915918512271,-0.03165778670085982,0.0,0.0,159.1108221188392,85.31072192787278,0.019397279261724458,-0.005473469896293458,0.0,0.0,210.01424650425733,104.03880328917688,-0.0148005493497024,-0.008701083058985027,0.0,0.0,196.61551892630075,130.1807353775758,0.009710249007994647,-0.005835685777133,0.0,0.0,212.02287294770505,-12.169376880264554,-11.377845615255847,-13.752944790754944,-11.550045242152821,96.12627070285012
45.153578563776584,-0.020149232438109003,-0.014121648616503373,0.0,0.0,159.11106677128612,85.31516167957737,0.023915096508452124,-0.003696710374693772,0.0,0.0,210.006147494749,103.83950595660153,0.03117782937948742,-0.0008239512079167837,0.0,0.0,185.43005175618867,130.18282044128483,0.014106316782497456,-0.003202821199930429,0.0,0.0,212.02488551731543,-11.469758918191541,-11.12005531747765,-13.815469362538535,-11.219119578949819,96.23699530164042
45.15383188742596,-0.02486448036824175,-0.018635053102070986,0.0,0.0,159.11081445470015,85.31424935659349,0.011061093472183,-0.0005223748433119918,0.0,0.0,210.0045777569893,108.6429149610936,0.007465486648146753,-0.022852158816552427,0.0,0.0,255.28420119779878,130.18272805162474,0.004724390205229625,-0.0010449765698466533,0.0,0.0,212.0244617234446,-11.310121164637575,-11.210209455533024,-13.815507946404864,-11.164433578699281,96.28008882012453
45.154166824194256,-0.023599055712990966,-0.02654610809617808,0.0,0.0,159.1094882694078,64.62246916293802,-0.048264962584228764,-0.026203204436929636,0.0,0.0,180.3399883755181,85.31618823525422,-0.03620813683388738,-0.029492735770235073,0.0,0.0,210.00301932603267,130.18343304444656,-0.03450313844340795,-0.023825468591346977,0.0,0.0,212.0252550530772,-11.186136440787365,-12.912891492781831,-11.159563132248582,-10.950121609855454,96.68262610569053
45.15382134660794,-0.01948243468987325,-0.014808336955319547,0.0,0.0,159.1107826002562,85.31319232587497,0.014738154809785044,-0.004465299159349843,0.0,0.0,210.00853124256292,103.85248402264092,0.01498641357542948,0.004015307019260836,0.0,0.0,240.15905163381112,130.18109578364175,0.007380675209906057,-0.0034403100525868197,0.0,0.0,212.02441552142315,-11.610827901585377,-11.100693811277683,-13.479062760776985,-11.09627202140032,96.74172586266985
45.15465096219704,-0.03212336737198523,0.004366980157739937,0.0,0.0,159.10985280307193,65.4928164249072,-0.05822517896356867,-0.002709593867343582,0.0,0.0,186.4365192655844,85.31659833218616,-0.0173841798945497,0.0056980702010719095,0.0,0.0,210.0067867210135,130.18293033684574,-0.018919732309273803,0.0045799625728785405,0.0,0.0,212.0250728395857,-11.73269385139181,-13.151340185771389,-11.108050024214153,-11.196861380779728,96.93710120850706
45.15391528451669,-0.025636141071954822,-0.019977649200444345,0.0,0.0,159.11101401885207,85.31443213336672,0.01370944789142419,-0.004732622251430243,0.0,0.0,210.00308081247533,103.85248977934653,0.005238923242616216,0.005594872309631461,0.0,0.0,164.7903643530897,130.1828394977662,0.006170698885729694,-0.004104315591871998,0.0,0.0,212.02498056721177,-11.436367880991389,-11.195765505318773,-13.442179258514198,-11.184506614186512,96.95058539891922
45.15382893157851,-0.02740294033078959,-0.02556734414012193,0.0,0.0,159.11074612189603,85.31719700303421,0.01285829325317261,-0.008028340633122698,0.0,0.0,210.00604534735382,111.42698140960248,0.006670587406922731,0.006384005117592884,0.0,0.0,231.7079913443509,130.18242063317817,0.004653842977321496,-0.008136513888726214,0.0,0.0,212.0247576946047,-11.451437391897231,-11.275301370240078,-13.815473039739828,-11.298772992429328,96.97891132325896
45.153268642221256,-0.015948285284182406,-0.048939241920581904,0.0,0.0,159.11044479605815,64.78226188395439,0.010461882157296458,-0.0655014990183703,0.0,0.0,189.9824837177873,85.31492303035945,0.012685113563881046,-0.06263269417837657,0.0,0.0,210.0065422484947,130.18275435294774,0.00509684584512787,-0.05181327725363113,0.0,0.0,212.02545077353284,-11.520220242971531,-12.7938852876218,-11.265811888101444,-11.321073710373604,97.00510946706137
45.15364655729198,-0.02651037396245778,-0.045724601055387164,0.0,0.0,159.11063471192514,85.31545975066774,0.03593918238591172,-0.04299043682796696,0.0,0.0,210.00430018541965,115.59839948355875,0.02623386557756129,-0.02919495626390389,0.0,0.0,169.40876103095576,130.18402687122258,0.02276887776524907,-0.03911905558989482,0.0,0.0,212.02407207020786,-12.07122613896313,-11.41027397397783,-13.815510557964272,-11.640030411235308,97.07076474445506
45.153294744944255,-0.02686034960713714,-0.03830695814048584,0.0,0.0,159.11059723269557,85.3161007683095,0.039472242618048096,-0.028562207543596712,0.0,0.0,210.00704912750894,98.0403059878328,0.04902816136587827,-0.02668234002219598,0.0,0.0,247.1579124140016,130.18042471262626,0.02473682875452018,-0.026513673378362385,0.0,0.0,212.02490196430168,-11.526667302133447,-11.398618865747178,-13.8155089404751,-11.029960859051245,97.09052735520217
45.15443244096555,-0.028697701488560528,-0.016858180306131527,0.0,0.0,159.10806583926782,64.71143319187209,-0.0670586464908813,-0.009411416678663671,0.0,0.0,174.09274839222758,85.31422307170334,-0.05790164894887482,-0.00938226830447808,0.0,0.0,210.00667628456046,130.18521217958147,-0.051483489313707914,-0.0074937678078986275,0.0,0.0,212.02523702796523,-11.256919450277065,-13.086503538401505,-11.132655067885327,-11.218213584890435,97.22143191075358
45.15379041312226,-0.02450024017119616,-0.022134092893869056,0.0,0.0,159.11086129962578,85.31537343134158,0.018312169623797135,-0.005335006904741155,0.0,0.0,210.00325787357517,103.74348235659082,0.022688941389153273,-0.00741345258796511,0.0,0.0,213.0963483290428,130.1809279384516,0.008991302881720542,-0.005639647006317498,0.0,0.0,212.02443195245198,-11.57295694777353,-11.233644230719083,-13.81544634616891,-11.384705551619552,97.25063292169207
45.15390365347256,-0.025317816606462644,-0.03377653934872899,0.0,0.0,159.11073062807134,85.31565157120822,0.016986968980363955,-0.026496478448179237,0.0,0.0,210.00573705993625,111.50440409028056,0.009016763862514139,-0.007282622090593187,0.0,0.0,212.98228723405708,130.17983774216322,0.009080274549033285,-0.022622899636345,0.0,0.0,212.02474149180645,-11.717106524965892,-11.29498969406454,-13.195765295594251,-11.590504720810939,97.32756615643135
45.15458876715027,-0.0420250242484597,-0.01049604743540348,0.0,0.0,159.10775160015314,64.80850901624196,-0.09532667200634577,-0.016556943107553526,0.0,0.0,172.47887179992236,85.31464891170253,-0.0769096077228341,-0.0011627626951826826,0.0,0.0,210.0081092492978,130.18606785301844,-0.06708699016477987,-0.0013637395545226558,0.0,0.0,212.02499487683872,-11.172093197598615,-13.305581331914409,-11.174888231061098,-11.568510533191255,97.43224156316464
45.15368537299649,-0.02382761630552897,-0.028851043451787912,0.0,0.0,159.11084998604903,85.31254937686528,0.02313237639705331,-0.01590235720899891,0.0,0.0,210.0038193126106,108.27744427871585,0.003239485436515836,-0.009058019802291106,0.0,0.0,198.31097866701413,130.17968806659755,0.013031579755736064,-0.013554420314747894,0.0,0.0,212.02250789655827,-12.013012730007997,-11.287392241757763,-13.815412139705574,-11.136288716033327,97.44963169854232
45.15383462948239,-0.020966919390554405,-0.017919560865701886,0.0,0.0,159.11072899101833,85.31613078121795,0.0229140681423705,-0.0052354857657768115,0.0,0.0,210.0083369458152,108.6190231517908,0.006749120220290905,-0.027151496325924437,0.0,0.0,166.8645889533982,130.18434359725833,0.014074351201711712,-0.00525476896030631,0.0,0.0,212.02416159769538,-11.09690992814814,-11.201191862200693,-13.815501885253287,-11.299581235462192,97.49023112883862
45.154308555514895,-0.017321387834044844,-0.06374715389901056,0.0,0.0,159.1096721136216,64.46994299374741,-0.029521852619775156,-0.07278517271298236,0.0,0.0,192.8560620516585,85.31154656817127,-0.01651011257845028,-0.07447799319329813,0.0,0.0,210.0088602192832,130.18236362919134,-0.01973366305033267,-0.06212635759679236,0.0,0.0,212.02617770921327,-12.019746363617232,-13.229085867726097,-11.342007145761075,-11.74219891609881,97.57592132334301
45.15387703707219,-0.0223807734882598,-0.021180649473461682,0.0,0.0,159.11081162683524,85.31642493597542,0.012554845098001312,-0.01283317171989823,0.0,0.0,210.00234456123573,115.6520278536956,0.0028756467547172387,0.002377843821821285,0.0,0.0,256.77378215683063,130.18208320819068,0.005091275882713252,-0.01186268516583016,0.0,0.0,212.02472705887112,-11.063576624996866,-11.159228741465846,-13.728205917047367,-11.35830673895696,97.69911734691337
45.15391313894931,-0.024546005060486664,-0.03120723888712744,0.0,0.0,159.11076542605102,85.3164985926441,0.019718930136326952,-0.01825860981871854,0.0,0.0,210.00491042204695,111.38341161745447,0.0024302850273467875,-0.011722475568412095,0.0,0.0,161.68306364834967,130.18302963632752,0.010366488667440547,-0.0158292271960613,0.0,0.0,212.02426060300226,-11.685095494976727,-11.309468808542327,-13.716669226608795,-11.416658588830112,97.72091771067252
45.1545775191591,-0.019567695217787878,-0.05669132791556878,0.0,0.0,159.10979833935178,64.48024089819417,-0.010260404266559428,-0.06876855559563264,0.0,0.0,196.2673629871503,85.30905855016553,0.0006461387936095592,-0.06162182058788432,0.0,0.0,210.00506935513738,130.18194454125918,-0.005873714071811818,-0.05128352091669118,0.0,0.0,212.02607466989602,-11.574772791699024,-13.138100197061004,-11.308351464973777,-11.67786141927943,97.79377496261749
45.153512338997785,-0.01681074941336575,-0.014982776408900314,0.0,0.0,159.1108834748737,85.3189802360266,0.03543175530599455,-0.014195304339301069,0.0,0.0,210.00311948261918,104.5047547783529,0.037540156977777434,-0.004577254924106611,0.0,0.0,162.6696013348007,130.180658050634,0.02247356910206172,-0.011323077959316823,0.0,0.0,212.0257695881761,-11.079577621215249,-11.077533002053954,-13.815498170943604,-11.202228301952822,97.86742770168881
45.15313069407355,-0.02842256064889497,-0.05612953468862042,0.0,0.0,159.11057088322238,65.42160209202275,-0.0607163122610415,-0.06273306368585879,0.0,0.0,196.25687504481982,85.30909769083483,0.0018438619102345711,-0.03326858724810711,0.0,0.0,210.0134860300227,130.1825733330674,-0.004046576819718958,-0.028635646671952245,0.0,0.0,212.02510261314274,-11.843478920556766,-13.452585321600626,-11.318499914164324,-10.983046057872873,97.87914349559541
45.15418800915192,-0.027077421470373442,-0.032048748687048254,0.0,0.0,159.1107147547076,85.31304784440475,-0.0006867523988619497,-0.007023028876049028,0.0,0.0,210.0100297255541,98.00835411759324,0.016688677583518094,-0.0042752492858051305,0.0,0.0,182.24898284369846,130.18360483055594,-0.005809224820644728,-0.006727026396341768,0.0,0.0,212.02479218105557,-11.454736669733585,-11.334613989180651,-13.815453403473741,-13.40811015069418,98.26478059340259
45.15370969063869,-0.02122430041074773,-0.04103777660720506,0.0,0.0,159.11033684583882,85.32568119545287,0.03565084327937496,-0.056407270182122854,0.0,0.0,209.99149835227996,101.3885232872488,0.06136791451610148,-0.05194600188429003,0.0,0.0,201.6387201660162,130.18211373421866,0.02442859181480104,-0.047825671572154636,0.0,0.0,212.02714718656395,-10.854139161034643,-11.28229571298426,-13.429185429774774,-11.335550807358501,98.61696142591896
45.15386928113809,-0.01844330485805488,-0.014870891060401738,0.0,0.0,159.11097669212268,85.31610166913028,0.014896516443580914,-0.007872891704313791,0.0,0.0,210.00798445187772,108.98431299626954,0.009050333551181098,-0.006505220657435888,0.0,0.0,184.7739454586353,130.18340162292517,0.004543750549035659,-0.0058797760838244836,0.0,0.0,212.02468384832403,-11.636826580145115,-11.074154926824832,-13.161035164414603,-11.583628306220655,98.67994479256116
45.15398893513354,-0.030834703367781695,-0.046301472842892946,0.0,0.0,159.11078739655812,85.32713857526953,0.021409297054208284,-0.017332969368578807,0.0,0.0,210.0151221911274,97.84059841976661,0.0318043644588689,-0.004075037795787712,0.0,0.0,217.4968901358548,130.18088744821645,0.010181997612950971,-0.016768439429312967,0.0,0.0,212.02486610260243,-11.898085249141255,-11.498274912258996,-13.81549924973208,-13.473984178048898,98.91315607686185
45.15390722214409,-0.02390502518735833,-0.018633140421524037,0.0,0.0,159.11095820807824,85.31519417925527,0.0071642528458671865,-0.0014730326546665007,0.0,0.0,210.0052957809759,108.26685701444922,0.012474694741335546,0.003491964645361083,0.0,0.0,189.47679992667523,130.18382475540386,0.0004764734417953816,-0.0016279168213086932,0.0,0.0,212.02417508862823,-11.45352059441297,-11.167787677209704,-13.790547485830453,-11.246846143417645,98.94348527554504
45.15383028694696,-0.02243483992781541,-0.02124722749059837,0.0,0.0,159.1109004211042,85.31483994118635,0.018052855164235625,-0.005160487169162394,0.0,0.0,210.00482441656894,108.71856805728865,0.004565782835566414,-0.012793929431340216,0.0,0.0,208.54253473034845,130.17888973155,0.00985494802278228,-0.004438874657040334,0.0,0.0,212.02724485428567,-12.078230952974597,-11.215650544765852,-13.815509833280082,-11.34797048547993,99.09703321509804
45.153865353985005,-0.024370635147693304,-0.022006697481488497,0.0,0.0,159.110819715814,85.31457764501941,0.011099100195290593,-0.007411312829785426,0.0,0.0,210.00405339398364,108.68070132109001,0.0028846106306012315,-0.021818389661058493,0.0,0.0,254.2025672018215,130.18268949832077,0.004486591991920441,-0.006737238791119425,0.0,0.0,212.02450000777566,-11.38823751987676,-11.214682263024928,-13.815425227349243,-11.263850000090807,99.17607248008025
45.15347166625295,-0.02271279125985543,-0.025820081349139996,0.0,0.0,159.11089077251407,85.31366883679947,0.03030367184418892,-0.010935927477190906,0.0,0.0,210.01001128417823,98.13256570976598,0.04269600626422658,-0.007259196417136987,0.0,0.0,246.00856914963686,130.17989180358765,0.018036708102376432,-0.010661153569255203,0.0,0.0,212.02512490729026,-11.679523854928982,-11.264252151412952,-13.815505842859707,-11.081984475401688,99.23572952847935
45.154238741077386,-0.018440707507307516,-0.05087338036686185,0.0,0.0,159.1097169174991,64.47201784378217,-0.027460968205583046,-0.06272881272331726,0.0,0.0,192.39375930699015,85.31202278699215,-0.017619170192774005,-0.06477419453205448,0.0,0.0,210.0081361367205,130.18276104276967,-0.020128330814471608,-0.053439979296199924,0.0,0.0,212.0263087824069,-11.56544116436356,-13.089271648586896,-11.260934506026905,-11.573259106365958,99.39031519580136
45.15394441481552,-0.022716157709446263,-0.022181657198925356,0.0,0.0,159.11085954576401,85.31625476134639,0.010600082937177954,-0.010741688034056524,0.0,0.0,210.00192757940715,111.45400449055154,0.009111512106971385,0.007703898217983517,0.0,0.0,194.12065899506393,130.18352970929166,0.0037795816709739693,-0.009237802647416485,0.0,0.0,212.0233304441954,-11.563522229504358,-11.187888383356317,-13.815510239213305,-11.449179164639164,99.53150075019651
45.15358545242705,-0.019759296860568105,-0.01711938776451698,0.0,0.0,159.11085752564577,85.31580263063358,0.026403844681315056,-0.012690703334945038,0.0,0.0,210.00326730658236,104.61006538227655,0.01772456402066303,-0.02113928720041434,0.0,0.0,179.90178502487842,130.18331298629306,0.015516193107002583,-0.010606909815755766,0.0,0.0,212.02480472042114,-11.293632356394726,-11.124181009463324,-13.815438711443493,-11.28788755140588,99.84954044090924
45.153653843587676,-0.020769203637675634,-0.021001535980683016,0.0,0.0,159.11084488023954,85.31725496581763,0.02660798781883063,-0.016473417564539287,0.0,0.0,210.00367643615024,104.44724260446026,0.02641337050168483,-0.025431696798403073,0.0,0.0,159.17788938356722,130.18134263712605,0.01607195118096543,-0.013446380955562894,0.0,0.0,212.02569939880937,-11.025054564540682,-11.16046586549625,-13.788419134893557,-11.150662116191317,99.86416038144661
45.15388517205477,-0.022717950756185275,-0.02176269529234225,0.0,0.0,159.11088741943544,85.31497137440128,0.015150490285108535,-0.00602463509965857,0.0,0.0,210.00437240291222,108.69480459539234,0.003788866304855061,-0.017774205043038522,0.0,0.0,209.6876558914394,130.17961320783516,0.007576113546412127,-0.005336735121331565,0.0,0.0,212.02609948685878,-11.715270086110829,-11.21431013438111,-13.815509718453256,-11.328380348177108,99.90901240517186
45.15375649151692,-0.023120860925862446,-0.03365171538760333,0.0,0.0,159.11067794079358,85.31449675281058,0.024143441219112886,-0.03291722493261993,0.0,0.0,210.00682087812285,111.45589853066626,0.0011107812030797725,-0.018608025741555116,0.0,0.0,179.5203135877034,130.18500780966914,0.01369338812527146,-0.028315725610270535,0.0,0.0,212.02370271590175,-11.679956310460351,-11.28170608328772,-13.610135717911206,-11.323322701954359,99.93417574557186
