planet_mass0,period0,eccentricity0,inclination0,argument0,longnode0,mean_anomaly0,planet_mass1,period1,eccentricity1,inclination1,argument1,longnode1,mean_anomaly1,planet_mass2,period2,eccentricity2,inclination2,argument2,longnode2,mean_anomaly2,planet_mass3,period3,eccentricity3,inclination3,argument3,longnode3,mean_anomaly3,star_mass,num_planets,chi2
3.20457538742182e-06,45.15337178729471,0.03423197363106672,90.0,-128.0686308779153,3.531125038440126e-31,-172.23755700462613,1.2848122853928312e-05,85.31192074357028,0.041624415622741454,90.0,-31.016628814982784,3.531125038440126e-31,-115.26907347326346,1.5513315900437936e-06,97.53976072789591,0.06977440739298615,90.0,-175.7155851038755,-1.3241718894150476e-31,136.91494434365308,1.6164006912129756e-05,130.18605050384284,0.02989147716916248,90.0,-37.75474100705053,0.0,-32.68188790939035,1.0,4,68.07258166794703
1.0106429459903721e-05,45.1533189570699,0.03233486954273608,90.0,-137.85938958520902,-3.531125038440126e-31,-162.1225229980143,1.2675403216800899e-05,85.32104151254482,0.03643786378283789,90.0,-8.347820248409402,-2.648343778830095e-31,-137.9278424015616,1.5876091603786803e-06,97.50018360107799,0.07179473827077872,90.0,-142.67180167933898,0.0,-26.97273824690077,1.4607089606795546e-05,130.18877571270187,0.024107530766160894,90.0,-13.230229307581963,2.648343778830094e-31,-57.162060875270654,1.0,4,68.50998065689966
4.901478764336061e-06,45.15371377690765,0.03665880695789691,90.0,-125.87685189856848,-3.531125038440127e-31,-174.38118203865497,1.2869522976468312e-05,85.31280727188637,0.028301052030726484,90.0,-48.413532031945934,0.0,-95.90982834844313,1.3197185127387881e-06,97.52948431135312,0.11166138148123171,90.0,63.58865288117661,-1.7655625192200634e-31,-68.12681595280533,1.6040096072733162e-05,130.187751687451,0.020840202170498652,90.0,-60.86418521074277,3.531125038440127e-31,-8.00622764044003,1.0,4,71.21357382670628
1.828941532083013e-05,45.15377140329034,0.03376010013118665,90.0,-128.9664460593663,3.531125038440126e-31,-171.3271573120857,1.300365780241195e-05,85.31318427470424,0.02118309035573668,90.0,-26.13061201088812,3.531125038440127e-31,-118.1814934464976,1.0000051261320924e-06,98.13061820559479,0.035950003743412985,90.0,-37.20812870622624,-3.5311250384401278e-31,-82.93986324478391,2.454702135383656e-05,130.1895208455525,0.01282741045177607,90.0,-49.14905364669323,0.0,-19.51393490623304,1.0,4,71.59922289202956
2.7051898409114978e-05,45.154571366375556,0.038145349182152975,90.0,-148.56320665381205,-3.531125038440126e-31,-150.41225782835411,1.2211936509223023e-06,65.45505761059003,0.08417079291467518,90.0,-98.80871733497608,-1.765562519220063e-31,-68.8199658352786,1.3751501614280023e-05,85.31839711426183,0.021819799814235256,90.0,-123.62079611979372,3.5311250384401286e-31,-17.10885023499344,1.824057049815332e-05,130.19538571126748,0.021593651144632214,90.0,-134.56609801407362,3.5311250384401286e-31,68.63227739545775,1.0,4,72.52815934438001
1.64083627887331e-05,45.15362663005971,0.04056265779440714,90.0,-129.8237435582773,3.531125038440127e-31,-169.90261803980985,1.2414330859702496e-05,85.31883872097389,0.03313978461901575,90.0,-43.63831541636667,-3.531125038440127e-31,-101.26153833693279,1.000028751442281e-06,104.03429591926765,0.014396476171680987,90.0,33.570312544281556,3.5311250384401286e-31,-65.12889376643254,1.1188397661301488e-05,130.1917578201679,0.02435924892113032,90.0,-54.52992293364553,0.0,-14.80288428244072,1.0,4,73.2225403056456
1.550064741225997e-05,45.15364529719518,0.04456363908857615,90.0,-118.9953554636088,-1.7655625192200639e-31,178.77208908310263,1.1651852103985295e-05,85.31391540092126,0.04326896230221194,90.0,-42.08859937750488,-7.06225007688025e-31,-103.77229622089659,1.030352261681704e-06,98.09845689806676,0.05615880613265108,90.0,-44.57133017801763,1.0593375115320379e-30,-78.95278257929925,2.2277783337509242e-05,130.18825499720293,0.03236307144602393,90.0,-55.416242002781715,0.0,-14.426329183120632,1.0,4,73.50346268936275
7.845964711628733e-06,45.153628251445,0.037778688394808566,90.0,-128.44717159300495,-3.5311250384401278e-31,-171.5744236021332,1.2406336570785524e-05,85.31219264829913,0.0306401829285441,90.0,-32.097654070055825,0.0,-113.05590485136153,1.0000214704099768e-06,111.5649279132259,0.03913563869200718,90.0,87.78776631056176,2.427648463927587e-31,-69.89232316546288,1.6570706438064055e-05,130.1894678850403,0.021543578822229476,90.0,-44.22310653225904,0.0,-25.256495506536922,1.0,4,73.81815046050869
8.226156929406102e-06,45.15357481759969,0.03739133709875668,90.0,-126.19309496359294,-3.531125038440127e-31,-173.99270484904292,1.2850602451834604e-05,85.31817987916315,0.044602772732736586,90.0,-38.44920395283922,3.531125038440127e-31,-107.7390139747515,1.12465869772128e-06,111.44628479194618,0.022536131107814127,90.0,-31.86200269098031,0.0,105.2496805758399,1.0876003860710714e-05,130.1880253225979,0.032819800867082805,90.0,-44.8456542732262,0.0,-25.560118148685184,1.0,4,74.15285401732889
1.0139620850592026e-05,45.15377752887767,0.030683163032258317,90.0,-135.18332929669793,0.0,-165.0568417403922,1.3933006953017394e-05,85.31771246113502,0.022246320928460617,90.0,-33.32565506257041,3.531125038440125e-31,-110.93059670227599,1.0000507194591088e-06,108.37527972770485,0.016754710421229904,90.0,73.64954070304312,0.0,-110.87029433178449,1.1617944732899662e-05,130.18954798261385,0.014402166968996212,90.0,-45.0296834257421,3.5311250384401278e-31,-23.834780549325558,1.0,4,74.95064426075447
4.625032520553789e-06,45.15354118513217,0.03631283707101909,90.0,-124.96168865941269,0.0,-175.37419632151884,1.3375452481776055e-05,85.31706884614498,0.04809638548824216,90.0,-41.93230756095813,3.531125038440125e-31,-104.38691450133655,1.0062418813062983e-06,111.51726341388174,0.010264379718998438,90.0,49.04951068820972,-7.062250076880254e-31,-154.21651946492105,8.86386030426013e-06,130.18532023044662,0.03566454567649926,90.0,-47.276123665786656,3.531125038440127e-31,-23.24644031830562,1.0,4,75.1314282920842
9.057471304837764e-06,45.15335791602086,0.046876472838008575,90.0,-122.34710385257826,1.765562519220063e-31,-177.4644036750109,1.186001199675176e-05,85.31729947954392,0.059353918855551024,90.0,-47.44088094048453,-3.531125038440126e-31,-99.41477243681614,2.274092818567871e-06,108.4018185247196,0.03663975492732831,90.0,-40.906811571519334,-3.531125038440126e-31,149.6647194202635,9.773111137494804e-06,130.18737701595126,0.04643206019824267,90.0,-53.83266207964618,-7.062250076880254e-31,-17.09020104699877,1.0,4,75.51460212301903
8.523580000829782e-06,45.1538627347138,0.03384777255023056,90.0,-133.22010819792578,3.531125038440126e-31,-166.8487116916614,1.3258730870161115e-05,85.31753292747504,0.022587121173352126,90.0,-32.478863576891975,-1.7655625192200639e-31,-111.82545344862665,1.0000133904127255e-06,111.43528287897973,0.00467153301124884,90.0,17.440406454051594,3.5311250384401278e-31,56.388376462620315,1.1382772046219986e-05,130.1885210957065,0.014705256600023477,90.0,-44.546535771115686,-3.5311250384401286e-31,-24.355901776812214,1.0,4,76.12536168264641
1.0188721469623437e-05,45.153557818598415,0.02430880862924051,90.0,-138.76667871998023,0.0,-161.88779326997124,1.49344188588256e-05,85.31818401756662,0.03102690687252763,90.0,-22.38286203391222,3.5311250384401278e-31,-123.03257102850982,1.0378772445639413e-06,104.35973297562659,0.02509887209522127,90.0,-57.82750230202799,0.0,-126.31773441313275,1.4983419821494699e-05,130.18941552631736,0.020965055401775175,90.0,-27.432767008305163,-1.7655625192200634e-31,-42.40775737329498,1.0,4,76.13892912060189
9.721381352307857e-06,45.15376985233894,0.030623855720341684,90.0,-135.34030431367742,0.0,-164.8981704167427,1.3874728785819668e-05,85.31654758555388,0.021579440161580633,90.0,-31.12820389827984,-1.7655625192200639e-31,-113.1150955218834,1.0001402049079892e-06,108.36175590945449,0.010325010452337666,90.0,77.22880089851334,-1.7655625192200639e-31,-117.508968274284,1.277331521040277e-05,130.18910767288816,0.013700314345415573,90.0,-42.92052067014366,7.062250076880254e-31,-25.926439410745875,1.0,4,76.32895092728462
2.3848194988718876e-05,45.153601324320995,0.024929273697266545,90.0,-141.82768612683037,-3.531125038440126e-31,-158.67443588008945,1.5021551661007664e-05,85.32139200006414,0.03102691403443052,90.0,-24.168938500307448,0.0,-121.21312116646621,1.000144189693482e-06,104.03656098653595,0.008034640702358053,90.0,173.28505863790244,-3.531125038440125e-31,-131.2194564164846,1.4407568350314204e-05,130.1949327080443,0.02048732263817186,90.0,-29.586788965136208,-1.765562519220063e-31,-40.15852500399813,1.0,4,76.5610593193979
3.6510821575473383e-06,45.15342933905823,0.029750371155812624,90.0,-163.22965193265068,0.0,-136.25258045570214,1.1877446720340614e-06,65.38915282206965,0.061700959105620484,90.0,179.05418786744926,6.620859447075239e-32,80.68288425298753,1.3045072433097495e-05,85.31362235291417,0.03452768025552722,90.0,8.974365837182527,8.827812596100317e-32,-155.01061641728407,2.1598240602723917e-05,130.18547647155796,0.02211824191959095,90.0,8.400293577094695,8.827812596100319e-32,-78.59650606026898,1.0,4,76.65592443366927
1.0711902647476171e-05,45.15367969927032,0.031806779427165775,90.0,-134.04234958282336,0.0,-166.15495646211411,1.3828406759761387e-05,85.32001127909297,0.0278242185749759,90.0,-35.61333037716224,0.0,-109.0984739019794,1.0337060876167212e-06,108.35245223971111,0.022278360611674302,90.0,44.13719553970271,3.531125038440126e-31,-78.34584025002776,1.1121125191412625e-05,130.18999332532428,0.019057515399464108,90.0,-45.000199087217126,0.0,-24.248481054806703,1.0,4,76.70086433127936
8.88316751463292e-06,45.15355041265592,0.04008347642327734,90.0,-127.8738976947806,-3.531125038440126e-31,-172.0121016643416,1.2467558661934363e-05,85.31636838908489,0.03824578584248705,90.0,-42.12171306583661,-3.531125038440127e-31,-103.29648089416888,2.207723334934632e-06,108.40154934817949,0.018390006504043276,90.0,-23.728547777558088,1.7655625192200626e-31,133.38779810056064,1.0423768595385102e-05,130.18752283380113,0.028726564926201223,90.0,-50.927775652434896,3.531125038440127e-31,-18.874675629317768,1.0,4,76.80919785879931
3.6627548616693262e-06,45.154167518509915,0.03460449499592411,90.0,-157.62921538499668,-1.765562519220063e-31,-141.42903255452526,1.0000023436059107e-06,65.3933014047172,0.09043607630429298,90.0,-178.32197504198535,0.0,84.34329225671293,1.3825679253175205e-05,85.31267315550807,0.007888477339021746,90.0,-34.7476725635993,-3.5311250384401278e-31,-108.14278728897577,1.8855734873573877e-05,130.18668070309025,0.004168551749885722,90.0,-87.61813932548107,-2.2069531490250797e-31,19.904542611640622,1.0,4,77.12808554181956
8.07984898213399e-06,45.153929887784265,0.03268355041163256,90.0,-134.7985897326506,3.531125038440126e-31,-165.2914944685919,1.3717148862127533e-05,85.31444468757917,0.021309521232636502,90.0,-39.81310695649772,3.531125038440126e-31,-104.21239918048886,1.000088532313858e-06,103.99263083158348,0.013027871094761723,90.0,61.60817168067672,-3.5311250384401278e-31,-2.243599986734134,1.339469090437551e-05,130.1886332895924,0.014352727629274963,90.0,-52.6376146319062,3.5311250384401278e-31,-16.061027171688625,1.0,4,78.30517414454403
7.021946156053614e-06,45.15508250932283,0.019191146736127988,90.0,-114.88632310764902,1.7655625192200643e-31,173.06808430287745,1.279425209633335e-06,65.3924767025201,0.07937086250218127,90.0,-37.87409573049644,3.5311250384401278e-31,157.2609789352654,1.2697775866676026e-05,85.3189946419521,0.03464984216737034,90.0,-84.70502982177895,-8.827812596100317e-32,-57.78091404534867,1.0081077767122962e-05,130.1880878073048,0.028939948905399256,90.0,-95.09669427305401,2.648343778830097e-31,27.7056335445502,1.0,4,78.36219611095217
8.669323928925602e-06,45.1535193109617,0.04537673434400986,90.0,-122.96080837386384,-3.5311250384401278e-31,-176.90073359303165,1.1708984304298598e-05,85.31616270070025,0.05510711129603315,90.0,-41.99674394104997,-3.5311250384401278e-31,-104.95613926818282,1.3209153774996962e-06,97.54034159245171,0.07670352955072449,90.0,140.55940286759497,3.531125038440126e-31,-49.142034331927356,1.3624020558591105e-05,130.1873651892156,0.04212595505343254,90.0,-49.00045200278179,-3.531125038440127e-31,-21.935450996764807,1.0,4,78.38566987674176
1.1485960971393956e-05,45.153795147392984,0.032005736775017474,90.0,-134.5275693254638,0.0,-165.63059310843423,1.3687751171831893e-05,85.31854014076305,0.024940127083609053,90.0,-33.72363582210055,0.0,-110.78031504143704,1.0001342630532776e-06,108.36330987095974,0.015333588133201155,90.0,59.060041335395866,0.0,-24.33851167567098,1.1478076814882896e-05,130.19042344205084,0.016822334396990515,90.0,-44.733418421578946,0.0,-24.339350202449523,1.0,4,78.47396855598487
5.600905257822663e-06,45.153823010652744,0.02923201091914153,90.0,-136.71775777064403,0.0,-163.5829599651795,1.4228812828012144e-05,85.31332521362239,0.018155530106654612,90.0,-32.80790411260419,0.0,-111.08814441909338,1.0000694092355114e-06,104.02641645721533,0.035754770288564795,90.0,11.156811873118858,0.0,-24.099873579263082,1.1183464098015499e-05,130.1891015134594,0.011402768570088834,90.0,-46.905705134251306,-3.531125038440126e-31,-21.682620968221784,1.0,4,78.6560514818313
5.957346142934176e-06,45.153732409691465,0.030377408325724158,90.0,-128.70932681284518,0.0,-171.8487983303579,1.3903895907034863e-05,85.31397452916819,0.032347774252620226,90.0,-33.23983432838278,3.5311250384401278e-31,-112.03962063350646,1.0000387446157844e-06,104.0029526449477,0.005793536576870526,90.0,59.764933759721,3.5311250384401278e-31,171.59466179031375,1.3173403322354563e-05,130.18755979150546,0.022514266763968848,90.0,-39.70153260584236,7.0622500768802555e-31,-29.99742453514748,1.0,4,78.85031227865132
1.642749291269498e-05,45.15376868552307,0.031953407440542904,90.0,-127.16740867206408,0.0,-173.35304438253718,1.340195584053765e-05,85.31446197840347,0.0265504977102197,90.0,-27.156643568811926,0.0,-117.70349367321803,1.0460228265129977e-06,98.18462344441085,0.03852977788567545,90.0,-31.21281191901094,1.7655625192200639e-31,-84.22138149896666,1.8532844927753747e-05,130.18857585384285,0.01658609420295147,90.0,-42.74740352745855,0.0,-26.356528471297832,1.0,4,79.20952116886876
1.1861477117597975e-05,45.15369498283368,0.040677979279288054,90.0,-128.23951879756726,-3.531125038440126e-31,-171.57935187936923,1.2497546978284373e-05,85.31907029823252,0.03253357147583048,90.0,-45.651189173054064,3.5311250384401286e-31,-99.10451997050967,1.0007581155033832e-06,103.96038277567803,0.011405159785612106,90.0,-1.9751329064152008,-2.4276484639275875e-31,-31.729036429322445,9.361808582310415e-06,130.19019686243786,0.023928070632281986,90.0,-56.07064719648605,0.0,-13.17177066462123,1.0,4,79.38619728704398
6.085793132023719e-06,45.15393755164192,0.0331101919596332,90.0,-134.57058766498335,0.0,-165.4946518746842,1.3535303948022733e-05,85.31386204573158,0.02100015765836598,90.0,-35.30440927069692,-7.062250076880252e-31,-108.80927821369637,1.0000686593898536e-06,104.0026443863438,0.016121178672764355,90.0,56.77023054974927,-3.531125038440125e-31,4.170909070212967,1.1593049908175576e-05,130.187833078432,0.01384158378503661,90.0,-47.646874032023895,3.5311250384401278e-31,-21.122082038578615,1.0,4,79.55987492486166
1.0852653096852548e-05,45.15373886121505,0.04667771881237307,90.0,-129.39719687054418,3.531125038440126e-31,-169.88733996567439,1.1581508461672426e-05,85.31574068154536,0.03024742660309854,90.0,-47.16277844181516,3.531125038440127e-31,-97.34384930763744,1.0000040334444292e-06,104.06090229842587,0.03744537074955591,90.0,3.2928858853377565,-4.413906298050161e-32,-110.30681251091097,1.0592382632724285e-05,130.1879121175545,0.023164767806072906,90.0,-60.89263279239252,-5.2966875576601895e-31,-8.109140304802269,1.0,4,79.75426255685247
5.757919433844923e-06,45.15505453694849,0.010110212834440123,90.0,-127.55071603673811,0.0,-174.49456679446573,1.4777941438166381e-06,65.39047000334996,0.07276945388776523,90.0,-33.56713588907893,0.0,152.40751974093436,1.3346348061185314e-05,85.31949910386909,0.025794818374597798,90.0,-68.32413922950175,0.0,-74.8962801477214,9.81322597221953e-06,130.18747914495464,0.02010205195326432,90.0,-82.29781581819003,8.827812596100315e-32,14.291814372689078,1.0,4,79.80469172537964
4.556511292337772e-06,45.15394224357156,0.03254836488055876,90.0,-133.75893775826424,3.531125038440127e-31,-166.39011674980284,1.3713241201011357e-05,85.31215367037173,0.014457737980611668,90.0,-46.51203569747342,-3.531125038440127e-31,-96.77909943848668,1.0000131405988254e-06,104.01647192105995,0.01996973016638424,90.0,43.736720989117266,-7.062250076880254e-31,113.66760247400745,1.2519311408895744e-05,130.18661916140442,0.009570591979690879,90.0,-67.79764208158883,3.5311250384401278e-31,-0.3115882141491509,1.0,4,80.31633658133022
5.974130018673607e-06,45.153863946343535,0.037973310501572655,90.0,-132.01193710204603,-3.5311250384401286e-31,-167.7880850879137,1.2454301690708932e-05,85.3175394739507,0.015652882682053202,90.0,-32.949129706408236,-3.531125038440127e-31,-110.677181509512,1.0001256126480623e-06,103.88540823124889,0.007077534217706758,90.0,132.02747965200618,-3.5311250384401286e-31,-172.27542564098525,1.169554030515655e-05,130.1877454377803,0.009633342903444251,90.0,-55.32611739464563,0.0,-12.995012909031553,1.0,4,80.35555923817557
1.619427317577197e-05,45.1536882612284,0.029330202522597743,90.0,-139.83390660110743,3.531125038440126e-31,-160.33617507494347,1.4245821447822402e-05,85.3182846843567,0.025551022764743386,90.0,-27.973556319913524,1.7655625192200643e-31,-116.7388726513813,1.0003182031406666e-06,103.91211716678346,0.008196897643592363,90.0,42.43339992264357,0.0,7.977260125463269,1.8338387133192317e-05,130.19168151064758,0.016641284574886273,90.0,-36.83162107904892,-3.531125038440127e-31,-32.39683553419512,1.0,4,80.5559773317764
8.596280645001757e-06,45.15365207193728,0.028017605897893635,90.0,-136.16045485432,0.0,-164.26613493676848,1.430865121481102e-05,85.31484315475602,0.026119364942125155,90.0,-28.315492681671447,5.29668755766019e-31,-116.47252061575556,1.1161682870826603e-06,104.01575032113603,0.037108597888303424,90.0,6.127301158923239,-3.089734408635113e-31,-21.13923183240278,1.2244729320121075e-05,130.19002963209303,0.017481966292959852,90.0,-36.421689021964944,-3.5311250384401278e-31,-32.892735863231,1.0,4,80.80594052548138
1.75500007793057e-05,45.152663023159626,0.05082999546740861,90.0,167.47066480906528,-3.5311250384401278e-31,-104.59462568831795,1.5174794793901612e-06,65.45982526953155,0.07433824529249004,90.0,99.51869038797439,-2.648343778830096e-31,-105.17383294667073,1.5700457883680406e-05,85.32139542089486,0.018259493032657254,90.0,57.15529868937838,0.0,159.6210893175921,2.562556882088429e-05,130.19294255467304,0.012484688440279793,90.0,75.30539346972724,-1.7655625192200626e-31,-143.35481093566474,1.0,4,81.31998657215748
8.034945846042728e-06,45.15387489328998,0.032376883619876326,90.0,-134.38533753001767,7.062250076880257e-31,-165.74848754037612,1.3725950840095433e-05,85.31678577386101,0.021123944643835258,90.0,-41.05051139899681,0.0,-102.90230558160692,1.0000025484263008e-06,111.49909955915403,0.010396263869746932,90.0,57.62717882416006,-1.7655625192200639e-31,-158.6385504724405,1.163644520401772e-05,130.1862893791921,0.014091679223541183,90.0,-54.90182685381063,3.5311250384401278e-31,-13.729549175443083,1.0,4,81.97187735498268
1.0017105345352757e-06,45.15351713684297,0.039274359826828295,90.0,-102.39798870452016,2.6483437788300947e-31,160.62486421732572,1.0000075588785236e-06,65.47269740872383,0.08720159644044466,90.0,-55.13864446589132,0.0,-156.63699141539342,1.3280955075863561e-05,85.31001805881948,0.02657838869314249,90.0,-113.03005612155133,-7.062250076880254e-31,-27.847979519807136,1.9969522768658943e-05,130.1862411406732,0.02486305510464287,90.0,-123.3095115677535,-3.531125038440127e-31,57.205920891465944,1.0,4,82.19823177557382
7.383056541685462e-06,45.1539831728297,0.034511050790747344,90.0,-130.4216573181099,-3.531125038440126e-31,-169.73744598305305,1.3509838543605897e-05,85.31131117082505,0.015953004104461713,90.0,-61.69301013127248,-5.296687557660192e-31,-81.33831925513596,1.3622027265110766e-06,104.06200934121547,0.01613879297532301,90.0,40.89490872397375,0.0,119.71592978344181,1.3476336598003274e-05,130.18763828909167,0.012031152811525577,90.0,-82.20550862890984,-2.648343778830095e-31,14.32552292100241,1.0,4,82.28169287701598
9.951147602146392e-06,45.153885252458934,0.030881424048329487,90.0,-139.19619111773682,-7.062250076880254e-31,-160.8589901747113,1.385010901009707e-05,85.3170579673542,0.015175616296457953,90.0,-24.06510962879792,-1.7655625192200639e-31,-119.62824116110387,1.000395546442524e-06,108.31860900046755,0.010896579341181331,90.0,85.89154111699897,2.2069531490250797e-31,-54.030744848475365,1.1979605183567478e-05,130.19017430555436,0.008426031117989721,90.0,-40.83401179791716,0.0,-27.590338668070196,1.0,4,82.77559028460024
1.0902873061730694e-05,45.1540018270887,0.025290358018975508,90.0,-141.8606463180672,3.531125038440126e-31,-158.6073865932949,1.5330407609088647e-05,85.31480203246879,0.010436494714849536,90.0,-39.960127383990645,7.062250076880252e-31,-103.09167750148595,1.0000923922753455e-06,103.99620199765492,0.025467629199475976,90.0,-2.746966571683359,-6.620859447075241e-32,173.13455102188195,1.3864585552682447e-05,130.1895552132267,0.005714567551272977,90.0,-68.1045589703025,0.0,0.1678001201148951,1.0,4,82.7888709240018
8.161283105601755e-06,45.15377516041554,0.039170787147798924,90.0,-129.58190914339815,0.0,-170.266915401438,1.2243250662271626e-05,85.31889874999482,0.023970368740470472,90.0,-34.338521158132586,-7.062250076880252e-31,-110.05385044473613,1.1262327931145646e-06,103.85675598587252,0.005342176665860646,90.0,-29.76722968199323,5.29668755766019e-31,-12.467185084570936,9.845267401470646e-06,130.18806526532572,0.015984193195696394,90.0,-48.93449594936464,3.5311250384401278e-31,-19.96909329689358,1.0,4,83.18399137844494
1.909363951912088e-05,45.15411922790666,0.03329475314333626,90.0,-73.59511147005725,3.5311250384401278e-31,129.71489382442442,1.1829407333081986e-06,65.46484550363091,0.06429360428107486,90.0,31.811755198394444,-5.296687557660192e-31,1.6879512814034343,1.0082156375872937e-05,85.31491711425247,0.05338011559387748,90.0,-52.560678315227335,3.5311250384401286e-31,-93.4033507302762,2.2827779764498587e-05,130.19141910982844,0.04274982026573795,90.0,-62.64578775766191,1.7655625192200634e-31,-7.36238520729599,1.0,4,83.51107197293867
1.167789109310675e-06,45.15344794898397,0.03735419748504944,90.0,-104.4777716617123,-1.7655625192200643e-31,162.80876996004918,1.0000537029022558e-06,65.47640376835241,0.08514869081552638,90.0,-53.71019423348849,0.0,-157.3681050344537,1.340505183890547e-05,85.3099158175916,0.020199850362587955,90.0,-117.40710369145441,-5.2966875576601895e-31,-23.602457932172726,2.0815058736933055e-05,130.18609674853306,0.020107821643318837,90.0,-129.70917050775606,7.062250076880254e-31,63.50509143538801,1.0,4,83.67951118506498
8.901443417776884e-06,45.153749083778486,0.03421944240520311,90.0,-131.9273934896991,-3.531125038440127e-31,-168.1768606650447,1.3137729796293575e-05,85.31543156025394,0.023933573366641855,90.0,-33.95224040684289,0.0,-110.44861208378104,1.0000161051935248e-06,108.30203157505204,0.0030949427819428393,90.0,-31.309598481049772,0.0,-15.792140636004504,1.3547321202587229e-05,130.1877872723474,0.01565981933953386,90.0,-46.74501602045489,-3.531125038440126e-31,-22.184315870770185,1.0,4,83.72223703215221
1.590646820216861e-05,45.15409919065956,0.026793656763312298,90.0,-68.79571144428056,0.0,124.88712847767707,1.2143847954741843e-06,65.46233793324845,0.06762248134611654,90.0,36.65687051331959,-3.531125038440127e-31,-3.0855438430521898,1.0744764891054516e-05,85.31408417673303,0.046504684172784694,90.0,-45.194213861650276,0.0,-100.78434461906012,2.276133339640007e-05,130.19018581628822,0.03582802912923973,90.0,-55.543722333455655,0.0,-14.523446350471872,1.0,4,84.39281567338627
8.934721182582389e-06,45.153833369195354,0.03888341337097544,90.0,-131.84929855406173,0.0,-167.88671519304117,1.261809996695891e-05,85.31819464689443,0.026832229362182318,90.0,-38.12992218382453,-3.5311250384401278e-31,-106.41397262031255,2.1555416698373774e-06,108.36726936414887,0.011656891749951265,90.0,2.354068154054002,-1.9862578341225716e-31,35.91372949288886,1.0459123243419313e-05,130.19046050412598,0.019539440090809945,90.0,-50.031539505627165,0.0,-19.113969612252944,1.0,4,84.68603136587555
5.217317428447256e-06,45.153681312223625,0.026073603811665482,90.0,-134.13177846017012,0.0,-166.53323620765553,1.4759014343740226e-05,85.31566177186761,0.03176117957627804,90.0,-27.960710689249517,1.765562519220063e-31,-117.40477961236911,1.0000115358729496e-06,111.9733540853616,0.025922283602372163,90.0,-25.095144611064693,0.0,-69.79454982401501,1.0064713329648587e-05,130.18161287838515,0.019581524161953225,90.0,-38.795817673920716,-3.5311250384401278e-31,-30.669148573152977,1.0,4,85.74622803087433
5.056538821696939e-06,45.15472307931498,0.04295232493271451,90.0,178.2931688286838,6.620859447075237e-32,-116.14442274123398,1.1417020784605076e-06,65.47716151934712,0.10043218502527239,90.0,-174.67186668528072,8.827812596100319e-32,96.19305427883643,1.4940538997531103e-05,85.31608375488555,0.04227679971353438,90.0,163.7602890184599,-3.5311250384401278e-31,58.73119232072257,8.928575268400278e-06,130.1889222674938,0.0388750464939881,90.0,165.7243272815132,-1.7655625192200639e-31,130.8688513396889,1.0,4,86.09799082578189
6.217145163736949e-06,45.153639975543555,0.034178165082002956,90.0,-131.12274717737802,0.0,-169.02588145606606,1.2986911188473182e-05,85.31642937153725,0.02890666276656913,90.0,-29.081093901743866,5.296687557660192e-31,-115.95394754510669,1.0000057078271878e-06,103.84633442404032,0.006689993716928819,90.0,-30.69594447138505,7.062250076880252e-31,-16.769927627913948,1.3840195922725043e-05,130.18664109154244,0.019079467390342313,90.0,-38.38092701166839,0.0,-31.03891841711252,1.0,4,86.15244491441109
1.3033267541246185e-05,45.15382343075597,0.029869461651267436,90.0,-134.39816029018385,0.0,-165.94281851297546,1.4389295266901069e-05,85.31815121088178,0.023708547827418283,90.0,-44.22735495068901,0.0,-99.83889768077417,1.0000506956941875e-06,115.62925311338772,0.0052264885388200065,90.0,-42.79800628129775,0.0,172.77294248078599,1.2543830217424076e-05,130.189547597244,0.016822947698139336,90.0,-59.61313239070768,0.0,-9.064322558971515,1.0,4,86.21944757595968
6.990217660265031e-06,45.153806637382665,0.038699161238708875,90.0,-124.90904188808184,0.0,-175.26558453276422,1.2590239032312937e-05,85.3150579980749,0.03296218808685799,90.0,-40.30643467110803,0.0,-104.74491011111762,1.2527202690517906e-06,104.00625397997256,0.003841388999369451,90.0,-28.125319824569583,1.7655625192200639e-31,-98.26473861941743,1.0929892619082139e-05,130.18803708634985,0.02379435051112946,90.0,-49.91778507017687,3.5311250384401286e-31,-19.55401016474348,1.0,4,86.37225614325226
2.411532140032616e-06,45.15396903329868,0.034723679941531214,90.0,-159.3333662816606,1.765562519220063e-31,-139.67620451112705,1.828112131141472e-06,65.46846734929775,0.05393839680284164,90.0,-166.90513125853832,-8.827812596100319e-32,75.77815013745021,1.3793137273458481e-05,85.31239881208417,0.012514567733505315,90.0,-59.997266824809444,-5.2966875576601895e-31,-82.87830320336428,2.0442720892090795e-05,130.18647091356914,0.009545250736334393,90.0,-90.03536811244716,-1.282791517870827e-31,22.34160055698531,1.0,4,86.66696017037688
1.2180945182058162e-05,45.15366321046439,0.022035116046227946,90.0,-140.33084694246278,-7.062250076880254e-31,-160.48020315741954,1.565584607893891e-05,85.31683574259955,0.027535265699126114,90.0,-22.582857189168813,1.7655625192200634e-31,-122.4572405654768,1.0000039290566738e-06,104.53474383463706,0.033346097304135354,90.0,-21.42292694670286,1.7655625192200639e-31,-90.83787150611364,1.6891681363654786e-05,130.18766872364176,0.017533153032802593,90.0,-27.224406716933572,-1.7655625192200639e-31,-42.2679758857872,1.0,4,87.19379471791204
6.919934765648361e-06,45.15379404180448,0.04431729324101716,90.0,-170.6204547898884,-8.827812596100319e-32,-127.11361219010249,1.4229595924467999e-06,65.46289925750543,0.07417330550894277,90.0,-168.821845092993,-1.7655625192200639e-31,65.64331424725985,1.4113383350342483e-05,85.31311836447728,0.03659705330773015,90.0,128.64221189929066,0.0,91.78594959882884,2.2545923974169875e-05,130.18924724554003,0.03242539158709003,90.0,136.7451488482494,-3.5311250384401278e-31,158.22476247260894,1.0,4,88.19802481849246
5.459212368591566e-06,45.1535826516886,0.03215338933760039,90.0,-131.16553403446912,0.0,-169.1402109830762,1.3303161707501984e-05,85.31333219828872,0.03108400964445075,90.0,-27.39951710321224,3.531125038440126e-31,-117.92713251570565,1.0000069396176052e-06,104.37484880547565,0.04248580647100042,90.0,-37.73227406665566,0.0,-166.0916236161434,1.4905715976404406e-05,130.1854149700396,0.021018051380589167,90.0,-33.37557671769037,0.0,-36.349443928464396,1.0,4,88.45052910183604
1.1834113417817815e-05,45.15368031354258,0.022149671155981415,90.0,-138.4472306427609,0.0,-162.4069587471858,1.556876327944715e-05,85.3158107493826,0.026838119839971725,90.0,-23.026558877451727,0.0,-121.95238454495363,1.0848067893202186e-06,103.85792080421713,0.03171201393466741,90.0,-12.561671321976133,1.7655625192200624e-31,171.9603642177404,1.514550106039417e-05,130.18824590114866,0.01733819847010479,90.0,-28.168142183116167,-3.5311250384401278e-31,-41.28808103300729,1.0,4,88.4844523651704
8.280128243597105e-06,45.153954753731476,0.03129517142297165,90.0,-137.11926040321936,-3.531125038440127e-31,-162.98503626789264,1.3966485596956356e-05,85.3162351728188,0.01355341638624999,90.0,-43.40983822336425,0.0,-99.83474191204832,1.000014196809438e-06,108.35908063860515,0.01391883849992879,90.0,61.30632654811038,0.0,122.48450691927916,1.1603628219983262e-05,130.18837743580124,0.008561204927501578,90.0,-67.5831470829914,0.0,-0.4847384042113059,1.0,4,88.72054181391407
1.1750393209710802e-05,45.153886814642995,0.03503505920492502,90.0,-135.48467894160467,-3.5311250384401278e-31,-164.3741635420096,1.3013725673910786e-05,85.31915365239023,0.013452557104795895,90.0,-30.39144101191064,-1.7655625192200639e-31,-113.04173767859648,1.000321204260008e-06,103.85762983691188,0.00876057629875437,90.0,58.02275520661704,1.765562519220063e-31,-93.68549421779765,9.868575449301909e-06,130.19006135129086,0.007485769623678643,90.0,-55.75778089233245,0.0,-12.41658119537186,1.0,4,88.78817831773941
1.852901274360773e-05,45.15251297352245,0.05319201256063819,90.0,173.34510099211056,1.7655625192200634e-31,-110.07675990444147,1.7303926922868743e-06,65.4500853031682,0.061927327185353535,90.0,97.58039330584563,0.0,-107.483745579128,1.4740308121067651e-05,85.32407641033187,0.02023237776442694,90.0,23.89317500383878,3.531125038440127e-31,-168.09097567789095,2.3952148271815633e-05,130.19305111601736,0.011436672101605918,90.0,30.802398985092378,-3.531125038440127e-31,-99.61263242242441,1.0,4,88.86394179334508
1.0191379567848682e-05,45.15391656343973,0.03705197410879252,90.0,-134.76352910582193,0.0,-164.96107344176838,1.2651483195914575e-05,85.31812484361858,0.016074657785391088,90.0,-35.31388130657944,0.0,-108.30218593778027,1.000051937751968e-06,108.37306403137903,0.014881729311770594,90.0,112.14271692455411,-1.7655625192200643e-31,136.79895335420647,9.875751918176827e-06,130.18814393089704,0.010283673835344844,90.0,-59.690964895250595,5.296687557660192e-31,-8.601225186982369,1.0,4,88.90316795796261
8.844890419728783e-06,45.153893161559445,0.035842338613722005,90.0,-128.425414329996,3.5311250384401278e-31,-171.74201329320306,1.3411205780448519e-05,85.31630988731122,0.02995948620860257,90.0,-47.458452682546685,3.531125038440126e-31,-97.01503484204925,2.004228883907562e-06,111.5476090715383,0.013708720312107878,90.0,38.09473400205171,-3.531125038440127e-31,43.47713833026801,9.795039146115244e-06,130.18830205999024,0.02166641622084468,90.0,-56.45223797071688,-3.531125038440127e-31,-12.632459810171268,1.0,4,89.08592161300504
1.1621822750295286e-05,45.15415737024359,0.026311928033893463,90.0,-144.09894717288466,0.0,-156.2041834719876,1.5178351413040485e-05,85.31631785348425,0.0033637374092352207,90.0,-66.07849022196308,-1.765562519220063e-31,-76.19807604256117,1.000095399500451e-06,104.02165401821993,0.024247436149075638,90.0,-5.803460778083534,4.4139062980501597e-32,-178.30781321945997,9.409708065510635e-06,130.19050261541244,0.003988266842437095,90.0,-143.5090546925789,0.0,76.1864053824691,1.0,4,89.38114720665162
9.791442534341145e-06,45.153935160076415,0.029710700781745317,90.0,-139.01657968413468,0.0,-161.15003110119974,1.4176054265129243e-05,85.31644011174765,0.012797581763706493,90.0,-34.56018469593425,-7.062250076880252e-31,-108.76319567573526,1.0000137697485487e-06,108.33186069556199,0.011193415867017938,90.0,62.443399895977066,0.0,118.98938552095495,1.2259493912820058e-05,130.18875104575523,0.007213781525350145,90.0,-58.78397224228098,7.0622500768802555e-31,-9.338451832634346,1.0,4,89.51491395954324
1.1351469849148747e-05,45.153912640503876,0.029145524464867737,90.0,-139.52854960233762,-3.531125038440126e-31,-160.66898640061848,1.399729010611571e-05,85.31922897947207,0.015432030156012511,90.0,-15.59361821642197,0.0,-128.20381150219018,1.000024985829334e-06,103.71049185407557,0.01731018569489385,90.0,-0.958590751110736,7.724336021587778e-32,-119.82652909133918,1.0740669708287938e-05,130.18846049408813,0.007764776094311471,90.0,-32.83133115197266,-3.5311250384401278e-31,-35.612376688712,1.0,4,89.71723505460325
1.173145081322591e-05,45.153758107687665,0.03016426223730494,90.0,-141.77343437823836,0.0,-158.24894134106563,1.4020932891619954e-05,85.31671474584425,0.0208518472726506,90.0,-17.522731031150386,0.0,-126.86775556161278,1.1122878481974441e-06,103.8579294669798,0.011385448846822178,90.0,38.85013956816702,-3.531125038440126e-31,12.746322577563658,1.5651832836271928e-05,130.1900214921689,0.012334786224457682,90.0,-25.416876176612426,0.0,-43.5564639717356,1.0,4,89.74116441540073
1.1799998463852232e-05,45.15374603140119,0.03941392640776659,90.0,-132.14649108081457,3.5311250384401278e-31,-167.5306090788608,1.2048942881029893e-05,85.31781648386148,0.02281990551246201,90.0,-18.663907774928454,-1.765562519220063e-31,-125.93161395583711,1.0000510067567787e-06,104.38303430442066,0.026990326081656822,90.0,-63.286175044158675,0.0,144.67131770342698,1.3117815364436408e-05,130.18873293107214,0.01416566442692492,90.0,-35.30015166000674,0.0,-33.72649482684914,1.0,4,90.05008099408057
1.0231678551633186e-05,45.153649787885,0.03490772945912303,90.0,-130.01617841725425,0.0,-170.13366450312094,1.3162449609876836e-05,85.31596222930072,0.03282280922428733,90.0,-38.89223288449406,0.0,-106.18942098918525,1.0000015607577594e-06,111.4909828720006,0.006874063450696614,90.0,21.786219993139415,1.7655625192200639e-31,-7.070885482134331,1.4109824667116868e-05,130.19059130300164,0.023430889263279055,90.0,-49.68130337034178,0.0,-19.769153723494796,1.0,4,90.22781312531625
4.339549954975424e-06,45.15390746687847,0.03904998279627622,90.0,-130.2516550259767,0.0,-169.56580134988178,1.27182663597503e-05,85.31469028595272,0.018435782662867117,90.0,-56.252927569893636,-3.531125038440127e-31,-87.04697531962888,1.0000447610459649e-06,103.92736271018067,0.008329544881488935,90.0,20.1253946244842,0.0,132.22685709750036,1.1651785804361492e-05,130.18649659721987,0.013935034626405197,90.0,-75.45498401336337,-3.5311250384401278e-31,7.3580010605669095,1.0,4,90.29502908678492
1.0068499696744397e-05,45.15359510615788,0.025370106525764734,90.0,-132.16342279118635,-3.531125038440126e-31,-168.63248530776775,1.4997821093979406e-05,85.31757481833583,0.035867833694401524,90.0,-29.203426986398675,5.296687557660189e-31,-116.52205029156073,1.189655538392097e-06,104.48644923380866,0.038637211089389674,90.0,-25.40800921056838,-7.062250076880252e-31,-90.24197327958476,1.3253926416202705e-05,130.18684590480066,0.024432401642420075,90.0,-34.52104170179728,0.0,-35.50469327189785,1.0,4,90.33873864914506
9.964035918062181e-06,45.15399069246719,0.028855113952127826,90.0,-140.4295550079874,0.0,-159.76083114111367,1.4165313138101563e-05,85.31855368456412,0.010921352318681634,90.0,-11.947296256070926,1.7655625192200634e-31,-131.37077545224216,1.000073115051977e-06,103.69538200189392,0.012887897486935335,90.0,12.532094230752348,-1.7655625192200639e-31,-135.06258078670336,1.0993140767520027e-05,130.18819936233922,0.004056903893481659,90.0,-39.50450869633458,-3.5311250384401278e-31,-28.549276410517592,1.0,4,90.67629036817202
1.1572407295785781e-05,45.15350767896879,0.024953548943848016,90.0,-130.93903043642868,3.5311250384401278e-31,-169.93553098956977,1.4942447684533398e-05,85.31725793489574,0.03984924210372377,90.0,-28.797333584821672,0.0,-117.37140261526741,1.069511317726255e-06,104.57121237867659,0.04253377479807883,90.0,-27.68772346825571,5.29668755766019e-31,-81.09295418105609,1.4636787277895618e-05,130.18690472229014,0.027681485277650197,90.0,-33.93016292426131,0.0,-36.42840729017765,1.0,4,90.90313095228902
6.770905723444916e-06,45.1540296551513,0.05627878572563847,90.0,-130.22191401735228,0.0,-168.2508890560135,1.0084669541370241e-05,85.3137022265772,0.0037745073804473107,90.0,-30.596385256041387,5.29668755766019e-31,-111.90618546585112,1.0000709213366795e-06,104.03407249398408,0.02761052156379956,90.0,5.2059929129014595,4.413906298050161e-32,77.57293844636943,1.026182643928237e-05,130.1872189368804,0.006295017403396461,90.0,-121.50049163828858,-1.7655625192200639e-31,54.18590959650397,1.0,4,91.08455866787097
2.4591364966391106e-05,45.15379772657848,0.017947848542115317,90.0,-167.72010708585492,1.7655625192200639e-31,-133.0400017086555,1.7304007255848865e-05,85.3154061815547,0.013470466977978055,90.0,14.33006291150744,0.0,-157.9523207795609,1.0317649493603852e-06,104.12561107932247,0.043548509478824944,90.0,-41.197139337499905,3.531125038440127e-31,48.16547957501782,2.0760897149676507e-05,130.19693221627998,0.006720566432353364,90.0,26.592960468183456,1.7655625192200634e-31,-94.96653306185055,1.0,4,91.217786650805
1.5683319729187213e-05,45.153307727507155,0.022895467088940528,90.0,-130.4313081224664,-3.5311250384401278e-31,-170.61934006203103,1.5543609582386186e-05,85.32211056228712,0.05143311017255928,90.0,-29.427134579763923,3.531125038440127e-31,-117.88993868015042,1.000005042819174e-06,104.47520314279795,0.048507463410169656,90.0,-16.350867797862332,7.0622500768802555e-31,71.1615571908171,1.4877828473148866e-05,130.18957296740206,0.03629253153248595,90.0,-33.879144340910344,-3.5311250384401278e-31,-37.321936136193116,1.0,4,91.35049134910608
6.357331443599198e-06,45.154058045358894,0.04111828481894406,90.0,-132.2684593610269,0.0,-167.26268396697722,1.2188288814116907e-05,85.31585981687313,0.010072122432600398,90.0,-59.45155961013299,-3.531125038440127e-31,-83.26061925794838,1.0001030936478092e-06,103.98177208530252,0.017718150027219902,90.0,36.546789655445274,0.0,-144.7790389337979,1.011802676065722e-05,130.18730491248343,0.008770232211756887,90.0,-94.16823715189547,-2.6483437788300956e-31,26.55164811727648,1.0,4,91.422618292349
7.585992756933031e-06,45.15400111495155,0.03865487645401551,90.0,-132.99387374208058,-3.5311250384401278e-31,-166.69437458768067,1.2559106225378738e-05,85.31797810781555,0.01180245150206304,90.0,-49.19290038452633,-1.0593375115320388e-30,-93.80203829290448,1.000182307588648e-06,103.91494856422682,0.012586976104445174,90.0,53.81377679924255,0.0,-168.50847946352653,1.2346890042638642e-05,130.18757591182793,0.008852852024715852,90.0,-82.16511800559117,4.413906298050158e-31,14.334706319781434,1.0,4,91.80953636155962
1.4651564523522604e-06,45.15483304251257,0.07363165129821841,90.0,-110.99681272573872,-1.7655625192200639e-31,171.41496157600946,1.7645686099882204e-06,64.7913468422441,0.10779265038730704,90.0,-116.80586509453548,-1.7655625192200639e-31,63.886349172804444,1.1675264350997517e-05,85.31531901430422,0.1077994333553675,90.0,-111.98841782658751,5.296687557660192e-31,-25.12796744783898,1.0273263021130615e-05,130.18729053555282,0.09142148037244234,90.0,-114.79523869788255,-5.296687557660192e-31,51.785571088719635,1.0,4,91.87975416528751
1.62460811837749e-05,45.15388387341388,0.06562175635484707,90.0,-125.99425626558627,-3.531125038440126e-31,-172.16960033087767,1.1768411746893058e-06,65.45577358082642,0.09743800581930001,90.0,-83.71453864333714,1.3241718894150476e-31,-101.97996833746384,1.2802315417204198e-05,85.31892968455325,0.050028510647772945,90.0,-107.49133454085646,1.765562519220063e-31,-32.80600822542517,1.2438220093524728e-05,130.19161342583237,0.043080659034157566,90.0,-113.90556214879194,-3.5311250384401278e-31,48.275045154567984,1.0,4,91.94653468368215
5.037517601099762e-06,45.153844531858056,0.054736786163686726,90.0,163.55051684376028,5.29668755766019e-31,-100.3772185832691,1.3535912361600958e-06,65.78605751467423,0.08858247551717419,90.0,124.71359510291761,0.0,-94.03589174905284,1.4729515712873479e-05,85.31256247226283,0.03995626567688356,90.0,123.13235864519085,0.0,97.16694838728652,1.35935497510369e-05,130.1876604873199,0.035398286621152575,90.0,131.35392594068048,7.062250076880254e-31,163.57843461746933,1.0,4,92.00270842102539
7.383488050697172e-06,45.15321951724912,0.0725353201829427,90.0,-106.41003428802415,1.765562519220063e-31,166.1127108777757,2.21808943489186e-06,64.79233191016256,0.08495270132888282,90.0,-83.26265379428784,0.0,-18.768032732149532,1.1175330331065678e-05,85.31676363943079,0.08231239945952715,90.0,-79.46600908087883,-3.531125038440126e-31,-64.47809685994918,9.710591680052572e-06,130.18833133073724,0.06838248453009797,90.0,-84.68944429539127,-3.531125038440125e-31,16.23121453961849,1.0,4,92.24517143642194
1.5668725657978483e-05,45.15373159118501,0.053649077247613954,90.0,-136.55893919977024,-3.531125038440126e-31,-161.6297851097058,1.4832202927253607e-06,65.43678695641088,0.06511278523748684,90.0,-92.25989662649789,-2.2069531490250804e-32,-84.85442708927445,1.2389590177650048e-05,85.31635581617594,0.0016205656074003056,90.0,-128.91056104004514,7.062250076880254e-31,-13.08546218256856,1.2936092628571054e-05,130.19081158497784,0.007350173926036266,90.0,-158.9188752833864,0.0,92.01558991317542,1.0,4,92.44542164243678
6.667806965677773e-06,45.15319954071185,0.05368903827438029,90.0,-101.02797874916486,6.179468817270222e-31,159.4739378913571,1.3447697896662024e-06,65.51858234286075,0.08245660043525756,90.0,-59.81936971139485,1.7655625192200639e-31,-143.19598536243595,1.2886618288410076e-05,85.31455640195473,0.05025637411608908,90.0,-83.81371931528604,8.827812596100315e-32,-58.92891414243596,1.189505507482974e-05,130.1880703670662,0.041184628362024835,90.0,-91.12748039539167,0.0,23.531075300185915,1.0,4,92.94122661019274
9.774651899241689e-06,45.15358597575295,0.021697907990769445,90.0,-151.38132962926954,0.0,-149.19543704484124,1.555607009971887e-05,85.31755111105642,0.023222496263051062,90.0,-3.401617486669025,2.6483437788300947e-31,-141.3545852575767,1.0000898432736523e-06,103.85273144237746,0.03200140086803935,90.0,-5.674352403159968,-8.827812596100317e-32,-6.874284422723558,1.4019765130344495e-05,130.19007072508202,0.013735847183107051,90.0,-4.545986416040555,1.3241718894150476e-31,-64.71548029147306,1.0,4,93.04821501836821
7.981053012852888e-06,45.15421722775602,0.05308099865296367,90.0,-139.3640054678954,3.5311250384401286e-31,-158.66303361610784,1.0245765671270508e-06,65.46170826666011,0.11363224687182585,90.0,-151.6481587012377,0.0,43.079488053776466,1.3842519367997322e-05,85.31186562795443,0.04977029564341178,90.0,-174.87665899676657,-4.855296927855175e-31,38.443977225743,2.0939701611502726e-05,130.189851516387,0.04544024019649444,90.0,-174.50146863883415,0.0,112.00816126972255,1.0,4,93.20295267155635
4.145562731641395e-06,45.153807252799666,0.03831877456077134,90.0,-133.12618760971085,0.0,-166.58320139611973,1.1685176579285787e-05,85.31105133981582,0.0205979643020761,90.0,2.7118736825157024,4.855296927855174e-31,-147.2233457970754,1.0000693881525617e-06,104.04293859577614,0.014779996869730489,90.0,-168.5681065048614,0.0,115.63228023773009,9.87942760111907e-06,130.18502957312361,0.010820117798859474,90.0,-2.4367381917655653,-2.2069531490250793e-32,-66.49229874686235,1.0,4,93.39535973243913
1.8938395888570685e-05,45.15404475379816,0.02130378524293386,90.0,-161.58479183625028,-7.062250076880252e-31,-138.8614109739857,1.7236335288005387e-05,85.31884357351412,0.001651868718647252,90.0,12.6261673223018,1.7655625192200626e-31,-154.9135275512005,1.0004360175101056e-06,104.02249228064443,0.032983599806173144,90.0,-8.827474209776412,-8.827812596100319e-32,-171.31357064983717,1.6069741982434232e-05,130.1937122889345,0.002899087418188726,90.0,154.7600787419179,0.0,137.8498841682089,1.0,4,93.97372567095906
1.6980271810264705e-05,45.153596197382726,0.0507002237704254,90.0,-135.39148878537873,3.531125038440127e-31,-163.13391029475147,1.0835987110019531e-05,85.31986698987788,0.01898749253716241,90.0,-39.88094682055753,0.0,-103.87371812053017,1.8415994208664517e-06,104.0198571571516,0.007407350952700288,90.0,33.63429234828395,3.531125038440127e-31,-59.53578699330592,9.956201918627805e-06,130.19255888464025,0.014036925605212669,90.0,-65.20948083961426,-3.531125038440127e-31,-3.158983692703215,1.0,4,94.20680071056273
5.465993670069806e-06,45.154015879819234,0.022618872902580935,90.0,-147.07667740250753,3.5311250384401278e-31,-153.5019716594662,1.5636923355971595e-05,85.31545437246047,0.00963967274895099,90.0,-10.652000698877844,0.0,-132.53989829576483,1.8592340768163956e-06,104.35899498233336,0.009016291654536147,90.0,-80.37899661701128,8.827812596100319e-32,-105.68880239829281,9.543004294898231e-06,130.18884624335016,0.004016122902765888,90.0,-14.486637617639415,1.7655625192200634e-31,-53.6514145089159,1.0,4,94.25037667877342
1.1914133186858115e-05,45.15340581296655,0.0400144585193313,90.0,-128.61645492175202,0.0,-171.2282359878893,1.2167302859227294e-05,85.32004241781803,0.04127998615830119,90.0,-32.07171761945593,3.531125038440125e-31,-114.09446962063724,1.0000043942712445e-06,104.51993537391947,0.04191726647956158,90.0,-28.547096077975407,-1.7655625192200634e-31,6.267116293994407,1.0222295547120802e-05,130.18931502635468,0.02927979163779774,90.0,-42.64553910097691,0.0,-27.5516558817783,1.0,4,94.40255886091546
9.823077747470777e-06,45.15374792313533,0.04974493454294269,90.0,-122.893815544409,3.5311250384401278e-31,-176.68541762072152,1.136809409621014e-05,85.31534735026207,0.03697169878821337,90.0,-50.50159297986782,3.5311250384401278e-31,-94.38050461732401,1.1157294900236125e-06,97.99626061301134,0.045206526894964634,90.0,-34.031837431672635,-3.5311250384401278e-31,18.85922775223989,2.0545978631818103e-06,130.18914623540357,0.028134012770079347,90.0,-61.23125383260484,1.765562519220063e-31,-8.040610569210644,1.0,4,94.43766004053566
1.2993699332521233e-05,45.15383729618895,0.03178783308783015,90.0,-141.60138193833814,3.531125038440126e-31,-158.275909932907,1.3819716033527893e-05,85.31880335212034,0.01180728979978328,90.0,-26.541496946728035,0.0,-116.76085833407473,1.000044984685392e-06,111.44750001210272,0.008237950599173923,90.0,68.15034628604266,0.0,71.01965742101788,1.2157903002491985e-05,130.1899630136284,0.006486122458832923,90.0,-48.359460076803444,0.0,-19.827406106816248,1.0,4,94.44214258057282
7.610212944111036e-06,45.15400121196894,0.011584964950735062,90.0,-22.007337678911828,-1.7655625192200639e-31,78.00510070254612,1.6562386120434481e-06,65.7379260854799,0.06491186709397721,90.0,-7.342489082669314,1.7655625192200634e-31,154.724347480491,1.3837458508115483e-05,85.31520278114102,0.030598688699508755,90.0,-27.780695242856844,1.7655625192200634e-31,-117.44812443449462,1.3925974828830034e-05,130.1865041484114,0.019859636471372594,90.0,-36.84418699598529,-7.062250076880252e-31,-32.68970007114459,1.0,4,94.48692772531362
4.4644000435496645e-06,45.15375872629838,0.025569342428157848,90.0,-134.65714971203707,3.531125038440126e-31,-166.03028546611827,1.4826025734897164e-05,85.31532023373377,0.028240444825230592,90.0,-25.572153742490165,1.7655625192200626e-31,-119.49229581110171,1.41582825883394e-06,111.98359555001979,0.019931496248631504,90.0,-24.426256243011256,1.7655625192200634e-31,-67.66618267180246,8.882237759055178e-06,130.18056185722327,0.016113857921217695,90.0,-39.78428018103395,0.0,-29.349841808431528,1.0,4,94.53129734326302
9.483070772485263e-06,45.1538930906358,0.029241545635244566,90.0,-135.29537040274496,0.0,-165.06117191395296,1.4216756968666008e-05,85.31800078412351,0.01983900321819414,90.0,-33.22403755289897,3.531125038440126e-31,-110.78874249277186,1.0000026688502539e-06,115.64629354745627,0.014822782079483827,90.0,36.41776009957428,3.531125038440127e-31,53.95140042857018,1.0651258251513478e-05,130.18914792257988,0.012981443849453485,90.0,-49.521662203448514,0.0,-19.14218164347524,1.0,4,94.57676644071734
1.276457843674839e-05,45.15384831924853,0.03419912712666698,90.0,-136.75260060547464,3.531125038440126e-31,-163.11767336358017,1.3276184568248691e-05,85.31848425812028,0.012386077958278193,90.0,-30.368192818365316,1.7655625192200639e-31,-112.95921021510817,1.3224892310332582e-06,103.85791604465985,0.007553028349878678,90.0,39.64494173717291,3.531125038440127e-31,-72.51167641229773,1.1205171897268752e-05,130.19059810457048,0.0065431038715196435,90.0,-58.41788097240726,-1.7655625192200639e-31,-9.666231103389928,1.0,4,94.73612324875687
1.6187350555574497e-05,45.15362340601056,0.022689591019474535,90.0,-141.15896831860593,3.531125038440127e-31,-159.56909140705304,1.5422299901381665e-05,85.32018236018193,0.02760741074903723,90.0,-20.04200559590346,1.7655625192200634e-31,-125.04712465735817,1.007946410200114e-06,104.46690854807528,0.017986822231963996,90.0,-54.69874456938988,0.0,-122.90916317974326,1.538453600416217e-05,130.19184344071516,0.017614771132654493,90.0,-25.65434269782745,0.0,-43.8696858095022,1.0,4,94.82798363290138
2.6214750766148816e-06,45.15358816208346,0.03659921897359486,90.0,-131.4572031741167,0.0,-168.47913787036197,2.2783126120181543e-06,65.81516010045745,0.04727568990129784,90.0,-119.0459191748211,0.0,46.161082333102506,1.330395252759638e-05,85.3212995329001,0.035803023407350275,90.0,-37.966120503127506,0.0,-107.39759268725312,1.8962954397391483e-05,130.1838859285568,0.02482048480256519,90.0,-50.9846674218482,3.5311250384401278e-31,-18.53079994603714,1.0,4,94.97765024135843
8.915421057239278e-06,45.15299865312404,0.06564457412092298,90.0,-110.28835529062452,1.7655625192200639e-31,170.2428104398226,2.5337701481077887e-06,64.80528987179007,0.07526999958772908,90.0,-84.01740029889879,1.3241718894150476e-31,-14.134903757675266,1.1891447727604527e-05,85.3175919422146,0.07223145965528455,90.0,-81.13348591704334,-2.648343778830095e-31,-62.32124469902463,1.1488541105561826e-05,130.18924111541892,0.059748055261483746,90.0,-86.56290261131123,-1.3241718894150474e-31,18.439598394317667,1.0,4,95.04671389653151
1.0850975622481596e-05,45.15395099259543,0.020393573624841455,90.0,-152.10650005322574,-3.5311250384401278e-31,-148.58870056306472,1.6571488706826015e-05,85.31629818611606,0.011295148829133747,90.0,-4.188147140921148,8.827812596100317e-32,-139.21807852204583,1.0000213882004013e-06,103.80761645097245,0.019821942040329603,90.0,-19.03058580732574,0.0,-173.65949398698822,1.2095866406238332e-05,130.18868849610897,0.004491632479775254,90.0,0.18560513833576306,7.310532306145574e-32,-68.39465561682972,1.0,4,95.0541186871552
8.900532243155988e-06,45.15425728122772,0.03277596991796262,90.0,-137.3787084964646,1.0593375115320384e-30,-162.5863551638595,1.3569862759318584e-05,85.31642676107538,0.004288427395314072,90.0,-113.90881304333622,5.29668755766019e-31,-27.987519167181734,1.0242876541481518e-06,112.52043987684858,0.021682535609575577,90.0,10.335882469825458,3.5311250384401286e-31,34.02889467219514,1.0024438705505177e-05,130.19272895273218,0.010762908531324732,90.0,-112.348762179115,0.0,45.13504453112432,1.0,4,95.16795791063693
7.236588814592993e-06,45.15377232759912,0.04375823235349126,90.0,-132.33068782547153,0.0,-166.98481046052203,1.1411522701903668e-05,85.31564825861338,0.01935032599333031,90.0,-23.98132507159665,-1.765562519220063e-31,-120.17178155926482,1.000079949353177e-06,104.01169426888129,0.011755388429658302,90.0,152.55942946951228,-1.7655625192200634e-31,-13.64434672907218,6.695123304648297e-06,130.18742262396165,0.011927825809479244,90.0,-44.61246637375833,0.0,-24.058634130299566,1.0,4,95.2125556473639
1.1090321778596334e-05,45.15391960329729,0.02472613899301481,90.0,-142.37109772845963,3.531125038440127e-31,-158.13405255999706,1.5056609557621385e-05,85.31525868116799,0.012052523176078148,90.0,-13.015149266672545,1.7655625192200639e-31,-130.4568230712514,1.0000162517456797e-06,103.81157251202757,0.018713999707502225,90.0,1.9233516048155261,-4.193210983147652e-31,153.92967314156178,1.4217704458746461e-05,130.1879385724833,0.004936355115945752,90.0,-25.840877212614448,0.0,-42.36377000731562,1.0,4,95.55554868337506
1.1962861673686335e-05,45.15382612781484,0.03547560194444996,90.0,-138.8140667928841,-3.5311250384401278e-31,-160.84681078011423,1.3178315972487337e-05,85.31882891087193,0.01324003999065744,90.0,-34.694537566922364,-3.5311250384401278e-31,-108.64552620824301,1.0000549356705643e-06,111.467638993349,0.009307252366667082,90.0,54.790148340616426,3.531125038440127e-31,86.28417706175769,1.0987266973205096e-05,130.18940470665024,0.008340248578882508,90.0,-58.14169668581966,-1.7655625192200639e-31,-10.056849429179405,1.0,4,95.67125877551447
1.2240896352274205e-05,45.15356159819973,0.033742157553152616,90.0,-135.20793505906155,-3.5311250384401278e-31,-164.77371709808344,1.2928392224311729e-05,85.31961409388283,0.02827410891544778,90.0,-18.708077851718087,0.0,-126.47105449137908,1.000026127868328e-06,104.53576732391292,0.030428956344067518,90.0,-17.27132841056538,0.0,-1.332698137651185,1.0767163402654953e-05,130.18963979086607,0.017607401183021853,90.0,-30.3758902218178,-1.765562519220063e-31,-39.068984059671735,1.0,4,96.00562601356367
5.186886832982603e-06,45.1538277376692,0.04136819524349237,90.0,-130.06909364910413,3.5311250384401278e-31,-169.58031930919492,1.1446281789355112e-05,85.31159011827631,0.020151477325017014,90.0,-15.769086635213414,-1.7655625192200634e-31,-128.61556107314271,1.0645644700499633e-06,104.0422516230542,0.01716635813048306,90.0,-149.49438791368843,-5.29668755766019e-31,97.20147614256882,9.635607158490787e-06,130.18540537409413,0.011342943925361245,90.0,-31.06089441332386,0.0,-37.74694810085679,1.0,4,96.12627070285012
1.044111773823239e-05,45.15357856377665,0.0246051321372779,90.0,-144.97519471379906,0.0,-155.46801662939103,1.4812260359259254e-05,85.31689679000061,0.024191622581053458,90.0,-8.80359528466502,-4.413906298050159e-31,-136.05083399930828,1.0000411962742827e-06,103.844991060078,0.031213427020293803,90.0,-1.528675354816175,6.62085944707524e-32,-17.54326320206166,1.3415234699314124e-05,130.18973709864693,0.014479686987627867,90.0,-12.880081159641781,-8.827812596100317e-32,-56.43351379050757,1.0,4,96.23699530164042
1.2248327454305903e-05,45.153831887426044,0.031072617979494916,90.0,-143.14973236870364,-3.531125038440127e-31,-156.73545952518342,1.3535300201034207e-05,85.31631252941499,0.011063979163020361,90.0,-2.7433785221345435,-2.8690390937326038e-31,-140.62706774804286,1.0000026115628202e-06,108.64832239002881,0.02401579594845428,90.0,-71.91740645709382,-3.5311250384401278e-31,-171.25545625708756,1.4169290462984244e-05,130.18973020492447,0.004853650032636742,90.0,-12.735107502016648,8.827812596100322e-32,-55.49892896657186,1.0,4,96.28008882012453
1.3865089264670957e-05,45.154166824194284,0.03551916786185713,90.0,-131.63657174682598,0.0,-168.36827861056378,2.466053415224252e-06,64.62421407818267,0.05491475412525518,90.0,-151.48889963338232,1.765562519220063e-31,105.96360048929277,1.4238469563229067e-05,85.3191793665841,0.04671664554606157,90.0,-140.83488746603828,0.0,2.986105412265835,1.755588020323013e-05,130.1914443957805,0.04193310018021293,90.0,-145.33204800743366,-3.531125038440126e-31,81.66318849884767,1.0,4,96.68262610569053
9.067373638050034e-06,45.15382134660799,0.024471454898052695,90.0,-142.76202207895406,7.0622500768802555e-31,-157.75478626139062,1.5101842355656309e-05,85.31471784466322,0.01539425833695647,90.0,-16.881984931658064,0.0,-126.93451978179263,1.399965785210603e-06,103.85741750747539,0.015497072494965514,90.0,15.057282512779583,0.0,138.03056460229624,1.516876738447716e-05,130.18781221314978,0.008161660368455986,90.0,-25.11649382825304,0.0,-43.425535892643516,1.0,4,96.74172586266985
8.02704693740185e-06,45.15465096219707,0.032418840926436765,90.0,172.25843784001526,-8.827812596100315e-32,-111.35623774295638,1.9428779869238436e-06,65.49384524965156,0.05828622500010847,90.0,-177.32806076815916,-4.4139062980501597e-32,101.2101411158444,1.4991157597013059e-05,85.3183238809267,0.01829939456541614,90.0,161.8792233113967,0.0,57.99887131333372,1.3717181582571949e-05,130.18931171103512,0.019450700206404912,90.0,166.44848289491378,1.7655625192200639e-31,128.01830792685456,1.0,4,96.93710120850706
1.079564354158254e-05,45.15391528451675,0.032501049162098235,90.0,-142.07154168367074,3.531125038440127e-31,-157.72249657246374,1.3732222145048179e-05,85.31625123848947,0.014497149881488154,90.0,-19.07965182999005,3.5311250384401278e-31,-124.59253184535585,1.452565494274726e-06,103.85764284889464,0.007689217525842717,90.0,46.909493289345015,-3.531125038440126e-31,8.554822890483523,1.3887705381145507e-05,130.18966609530355,0.007432421968402595,90.0,-33.744686406595974,-3.5311250384401278e-31,-34.65814008379135,1.0,4,96.95058539891922
1.0634178131465318e-05,45.153828931578566,0.037478129958046176,90.0,-136.98469476458808,3.5311250384401278e-31,-162.58823450464422,1.2682323679795228e-05,85.31899594633505,0.015154798330331589,90.0,-32.01639636918402,1.7655625192200634e-31,-111.566573572632,1.0000375189282633e-06,111.4321116336567,0.009211805698990818,90.0,43.796584373376966,-7.062250076880257e-31,157.6133157618772,1.2388115251352504e-05,130.18884096450736,0.009397725422937148,90.0,-60.25274833885363,-1.7655625192200634e-31,-7.977244630357673,1.0,4,96.97891132325896
9.927317643124314e-06,45.1532686422213,0.05147229549249637,90.0,-108.04971631903774,0.0,167.17460015398632,2.77770561985527e-06,64.78366997275968,0.06634113200309319,90.0,-80.92942869852938,2.648343778830096e-31,-24.731351907489294,1.2803245197706615e-05,85.3171689475304,0.06390910620007938,90.0,-78.56148145816987,-3.5311250384401278e-31,-65.07228776913996,1.2114909056939568e-05,130.18991822102225,0.052088970955360275,90.0,-84.37332135406393,-1.765562519220063e-31,16.070795527268707,1.0,4,97.00510946706137
5.721805594766134e-06,45.15364655729204,0.05285394090608194,90.0,-120.10445465790492,5.296687557660192e-31,-179.52374679789068,1.1081051571451432e-05,85.31642277337814,0.05603301626549446,90.0,-50.11073269729772,3.531125038440126e-31,-96.24139949134221,1.0000000000000023e-06,115.60227492972874,0.0392492970407543,90.0,-48.033470149596084,3.531125038440127e-31,90.08829421768013,8.806412477375945e-06,130.18898549141224,0.04528105975301591,90.0,-59.80338244383377,-7.062250076880252e-31,-10.57370640388746,1.0,4,97.07076474445506
9.863521508657995e-06,45.1532947449443,0.04678569677790982,90.0,-125.03764767800774,0.0,-174.56713713960553,1.1210957992973365e-05,85.31773589754455,0.04871841677998496,90.0,-35.90001888312295,-3.5311250384401278e-31,-110.82858771058531,1.0000016174904823e-06,98.04419670550519,0.05580385331373551,90.0,-28.541868101330955,0.0,134.4113832310897,1.6208725347029844e-05,130.18646648071712,0.036282103568201336,90.0,-47.000556074056455,-7.0622500768802555e-31,-23.587405117318657,1.0,4,97.09052735520217
1.2917604974593708e-05,45.15443244096555,0.03328297333413244,90.0,-149.5683161865553,-3.531125038440127e-31,-149.8537035045469,2.0730211159117636e-06,64.71295138968642,0.06770421878071332,90.0,-172.0082184389043,0.0,163.52532748393836,1.4626800403864862e-05,85.31696846659801,0.05866931371181645,90.0,-170.78659321273204,-3.531125038440126e-31,35.35345661007965,1.3427394329701644e-05,130.19269621444633,0.05201484429084647,90.0,-171.68891117819794,8.827812596100319e-32,109.9277611108033,1.0,4,97.22143191075358
9.417348846633991e-06,45.15379041312231,0.03301787147410769,90.0,-137.90460025661076,0.0,-162.01573950600007,1.3221791336456101e-05,85.3169518660828,0.01906765672901531,90.0,-16.264565476244844,-1.765562519220063e-31,-127.93600124421593,1.0000642138569854e-06,103.74815800034106,0.02386645657173192,90.0,-18.148145994476838,1.7655625192200639e-31,-96.06609652083186,1.1368029733610404e-05,130.1871617998812,0.010632678819699681,90.0,-32.17462529938379,0.0,-36.55439826529551,1.0,4,97.25063292169207
8.153147369396329e-06,45.15390365347258,0.042211923056106854,90.0,-126.85405709003139,0.0,-172.94361337593244,1.2435071957130884e-05,85.31704442377534,0.0314743305033878,90.0,-57.3507919479871,3.5311250384401278e-31,-86.73859674144924,1.8584545632316348e-06,111.50903584837263,0.01160085591777885,90.0,-39.015439920895574,0.0,-59.223446897169055,9.253536818062547e-06,130.18590115345518,0.024400173809314318,90.0,-68.13129271929428,0.0,-0.6236581784467171,1.0,4,97.32756615643135
1.4061173693188692e-05,45.154588767150315,0.04331592865043804,90.0,-165.9768567301072,0.0,-131.9201961182286,1.6651733398804786e-06,64.81009139999493,0.09674119660088136,90.0,-170.14609092169113,-8.827812596100322e-32,174.0979082958098,1.4021927115493624e-05,85.31754551901118,0.07692916181438056,90.0,-179.12453279759737,3.420777380988873e-31,45.82039926693366,9.45931551533371e-06,130.19341378943375,0.06708566196022056,90.0,-178.81471900691014,1.2138242319637935e-31,118.81469179152107,1.0,4,97.43224156316464
6.064777331010608e-06,45.15368537299654,0.03741841801921115,90.0,-129.55275681832052,3.5311250384401278e-31,-170.43168484353623,1.2529906617998611e-05,85.31356819165828,0.028068967524992074,90.0,-34.517959696834794,0.0,-110.26841954314534,1.0000984231019362e-06,108.28152749252557,0.009637906438170977,90.0,-70.2901169730036,0.0,15.916358134279742,1.4573748202555148e-05,130.18492415261278,0.018821055688904163,90.0,-46.15083512126,0.0,-23.048267448222045,1.0,4,97.44963169854232
1.5159094211025832e-05,45.15383462948242,0.027581195955752005,90.0,-139.48085492882385,0.0,-160.8578034594004,1.3657908016748476e-05,85.31865639479501,0.023494428349058603,90.0,-12.896874058978163,-8.827812596100317e-32,-131.85220621992002,1.0000086727485953e-06,108.6251272995935,0.027960635594051094,90.0,-75.99451914036638,-1.7655625192200639e-31,125.88183222211343,1.2378106688730632e-05,130.19222207716555,0.01504288646953319,90.0,-20.56069574823519,1.7655625192200639e-31,-48.74787629391602,1.0,4,97.49023112883862
6.024076528475187e-06,45.15430855551496,0.06605853545698286,90.0,-105.20139733811659,5.296687557660194e-31,164.5203211575242,1.7975501143247211e-06,64.47081842460231,0.07855084540050959,90.0,-112.07811562063311,1.7655625192200634e-31,-5.733377942035232,1.1863938394768776e-05,85.31300448162905,0.07629229084708505,90.0,-102.50311040039206,4.413906298050158e-31,-37.6216556692775,7.951110797528564e-06,130.18786114906015,0.06519968427241282,90.0,-107.60901956039721,-1.7655625192200634e-31,42.282699502149356,1.0,4,97.57592132334301
1.5672912957030716e-05,45.1538770370723,0.030814265106446644,90.0,-136.57810849907133,-3.531125038440127e-31,-163.59055755042266,1.4243231572352891e-05,85.31908815617632,0.017950699507920432,90.0,-45.677377617206645,1.059337511532038e-30,-97.8623503329351,1.0912290621091057e-06,115.65894547562564,0.0037297136052601115,90.0,40.04562110067701,-3.5311250384401278e-31,92.8254453829165,1.167212848359503e-05,130.1903150587447,0.01294047799374277,90.0,-66.77547382157184,1.7655625192200634e-31,-1.506929299565887,1.0,4,97.69911734691337
8.418360236144193e-06,45.153913138949356,0.03970388045755276,90.0,-128.18676517896705,0.0,-171.70754725633773,1.2256320332195158e-05,85.31792202209286,0.026872129107525206,90.0,-42.8153064145424,0.0,-101.5732411775261,1.1038911327527768e-06,111.38794885986277,0.011954629621593485,90.0,-78.23371281932103,-8.827812596100315e-32,146.3525607103524,1.1010528695272755e-05,130.18886038113453,0.018943310024494335,90.0,-56.79374054105391,-3.531125038440127e-31,-12.099721375114111,1.0,4,97.72091771067252
9.40026392740447e-06,45.15457751915916,0.059973338717856255,90.0,-109.04273137867182,-1.765562519220063e-31,168.61816694997617,1.9687727142129754e-06,64.48154990718858,0.06953693615385663,90.0,-98.4916356471681,8.827812596100319e-32,-40.66906879571603,1.2270022506485041e-05,85.31110298484819,0.06163181833788137,90.0,-89.40827368627136,4.4139062980501586e-32,-52.78799005918423,8.479480097649208e-06,130.18852661564483,0.051639926701994195,90.0,-96.51971168470568,-8.827812596100315e-32,29.521932231904305,1.0,4,97.79377496261749
1.5424126460056426e-05,45.15351233899787,0.022518545351732523,90.0,-138.290605762131,-3.5311250384401286e-31,-162.5365094448328,1.5455695186576786e-05,85.32152535026266,0.038160691133470086,90.0,-21.851192635596078,7.062250076880254e-31,-124.33519766937202,1.0000123870973896e-06,104.51134695064644,0.037829790062398914,90.0,-6.907715011097987,-5.29668755766019e-31,66.17171110013632,1.3643759751127968e-05,130.18918597019933,0.0251880466988862,90.0,-26.792583880013357,0.0,-43.50286477269558,1.0,4,97.86742770168881
7.185259511629271e-06,45.15313069407358,0.06291555148133969,90.0,-116.85648751442054,-5.2966875576601895e-31,177.48246621963975,1.4375283803744282e-06,65.42267663276031,0.08731132183627643,90.0,-134.06363551380554,7.062250076880252e-31,4.331366595221471,1.214613052555952e-05,85.31060953575225,0.03332440411944516,90.0,-86.84038879048694,-2.427648463927587e-31,-55.53036635662802,1.6987274417930493e-05,130.18818562038155,0.028938253933681095,90.0,-98.02121631928102,0.0,30.80086216311893,1.0,4,97.87914349559541
1.0599150837409169e-05,45.15418800915198,0.041956037061307024,90.0,-130.19387625983612,7.062250076880254e-31,-169.40087530327068,1.1951975383604415e-05,85.31486953809187,0.007063826588863325,90.0,-95.64788793435731,-6.17946881727022e-31,-46.4017427073641,1.0000571561238817e-06,98.012890775347,0.017250505046194402,90.0,-14.365640544841591,1.7655625192200634e-31,2.3574261725523846,1.502905759593016e-06,130.1897726264835,0.008898489761679762,90.0,-130.67563722507197,0.0,63.652596427930895,1.0,4,98.26478059340259
1.93244550901476e-05,45.15370969063879,0.046201407303116115,90.0,-117.34752322191069,-3.5311250384401278e-31,177.08568097098865,1.259392865410225e-05,85.32896526870806,0.06672822619361021,90.0,-57.722557532757456,-1.7655625192200634e-31,-88.55762185555467,1.4715630396717523e-06,101.39557048067968,0.08042488861198198,90.0,-40.26412272109249,0.0,-42.647289053653544,1.1940783798862354e-05,130.19153998863604,0.05373817398579686,90.0,-62.94806408895124,0.0,-7.655107508384648,1.0,4,98.61696142591896
8.834671980629036e-06,45.153869281138185,0.0236917474032086,90.0,-141.12066518134475,0.0,-159.5179441015324,1.5507993972518587e-05,85.31759209663495,0.016845039866442337,90.0,-27.883308451973473,5.296687557660192e-31,-115.94557725562403,1.924132840058718e-06,108.98969921658723,0.011167678827120112,90.0,-35.651433007578,0.0,26.2591490879811,9.317387253083957e-06,130.19031464864435,0.007456272977636583,90.0,-52.36013802306857,0.0,-15.854879309732006,1.0,4,98.67994479256116
6.803419196495806e-06,45.15398893513362,0.05562917686969799,90.0,-123.66183422448216,7.0622500768802555e-31,-175.4528585170312,1.0147583980797355e-05,85.328285615294,0.027544156481221806,90.0,-39.00704686661234,0.0,-105.59024513570812,1.000011308296133e-06,97.84380048479555,0.03205216181958294,90.0,-7.321395846844505,8.827812596100319e-32,-136.2881011705843,1.4070937118295085e-06,130.18569927757991,0.01963568684533264,90.0,-58.742963879146565,3.531125038440127e-31,-10.134214520637823,1.0,4,98.91315607686185
1.0612048043559663e-05,45.1539072221442,0.030309143029396236,90.0,-142.06481743505807,-3.531125038440127e-31,-157.93293801565463,1.4121844880008327e-05,85.31699180996273,0.00730710989787787,90.0,-11.680494360622784,-5.2966875576601895e-31,-131.24429698866504,1.0252772585239524e-06,108.27229074683639,0.012972728090503982,90.0,15.564114150740421,3.5311250384401278e-31,-41.629234827220806,1.3048385564022378e-05,130.19054882837673,0.0017218791123034037,90.0,-73.59680571457028,-1.7655625192200634e-31,5.852018370583798,1.0,4,98.94348527554504
5.681865460683592e-06,45.153830286947034,0.03089929964617158,90.0,-136.55735353652614,0.0,-163.6056284921495,1.3461853421290487e-05,85.3157924378172,0.018772410781702963,90.0,-15.966120679330537,-1.7655625192200639e-31,-128.21240702408446,1.0000007246844548e-06,108.72281257871582,0.013602693320610685,90.0,-70.38482502336957,1.765562519220063e-31,-17.438931218260045,1.1793400230272539e-05,130.18419499921205,0.01082285131637103,90.0,-24.32381640160673,0.0,-44.513813287199206,1.0,4,99.09703321509804
1.1327949036984941e-05,45.15386535398507,0.03283629990640987,90.0,-137.9179456035943,3.531125038440126e-31,-162.0173804486162,1.3474894600906454e-05,85.31649714842183,0.01334215138182433,90.0,-33.778011747444374,0.0,-109.60028994770155,1.0000853342557918e-06,108.68593212380843,0.021985891658229475,90.0,-82.49338442111834,0.0,-156.44675154968573,1.2828388386953322e-05,130.18948834492122,0.008119879810872331,90.0,-56.37684536991226,3.5311250384401278e-31,-11.83228110520428,1.0,4,99.17607248008025
8.465395218491685e-06,45.15347166625294,0.03438818820016508,90.0,-131.33666971378616,1.4124500153760511e-30,-168.78492416414304,1.282323047080343e-05,85.3150718331699,0.03221154408976176,90.0,-19.855146293265946,1.7655625192200634e-31,-125.77252267422418,1.000004715115683e-06,98.13659979931012,0.04329742877603157,90.0,-9.626112282172029,8.827812596100317e-32,120.84265077670536,1.538704747646702e-05,130.1858370994319,0.02096928091334184,90.0,-30.62627018092015,3.531125038440126e-31,-39.15461864766843,1.0,4,99.23572952847935
9.488394247355317e-06,45.15423874107746,0.054112480291716475,90.0,-109.92469185234565,1.7655625192200634e-31,169.3557723391089,2.0672906999167958e-06,64.47337615280489,0.06848646848108009,90.0,-113.64279141228111,1.7655625192200634e-31,-1.8561807201049743,1.2865844051497316e-05,85.31416178905403,0.06713741855882016,90.0,-105.22308384489892,1.7655625192200634e-31,-34.77897679939508,9.4145037436199e-06,130.1895004943253,0.057122018195275605,90.0,-110.62020540313367,-5.29668755766019e-31,45.32513936434943,1.0,4,99.39031519580136
9.506619338623367e-06,45.15394441481558,0.03174979900993127,90.0,-135.68206385610983,-3.531125038440127e-31,-164.44588169166065,1.3840819690223727e-05,85.31787132370015,0.01508979786784699,90.0,-45.415745483040865,3.5311250384401278e-31,-97.89459549763936,1.00000031875102e-06,111.45922793613401,0.011936651516523986,90.0,40.10494915678563,3.531125038440126e-31,-77.50400750073437,1.0658219657787146e-05,130.1899650444922,0.01000568380549549,90.0,-67.74935600939041,1.7655625192200643e-31,-0.3749127307866039,1.0,4,99.53150075019651
1.2451962008883758e-05,45.153585452427116,0.026143895078123338,90.0,-139.09445421161934,3.5311250384401278e-31,-161.387037458881,1.475127542443748e-05,85.31788010158213,0.029289044851403455,90.0,-25.691308721770046,0.0,-119.45574246930693,1.0000718491018043e-06,104.61589936570194,0.02760320001421306,90.0,-49.97517716530278,3.531125038440125e-31,52.21572559597314,1.2523701971098288e-05,130.19082706308052,0.018818420489901018,90.0,-34.40755916048047,-3.5311250384401286e-31,-35.07711180783443,1.0,4,99.84954044090924
1.6288445532660973e-05,45.15365384358772,0.02953683011582555,90.0,-134.68131937452938,-3.5311250384401278e-31,-165.67570678066696,1.4225621823271953e-05,85.31997989227025,0.03128791025335448,90.0,-31.788949997046018,1.7655625192200634e-31,-113.38830182363442,1.0274617321763662e-06,104.4534537896668,0.036652388221164074,90.0,-43.87398628217235,0.0,116.38883916460446,1.436577213004414e-05,130.18978232461282,0.02098276228007593,90.0,-39.96125571956599,7.062250076880254e-31,-29.596448626065246,1.0,4,99.86416038144661
8.16813388271238e-06,45.15388517205487,0.031459818704940364,90.0,-136.23028101720507,3.531125038440126e-31,-163.89856344726687,1.3479909928275488e-05,85.31634674367366,0.016300003675717992,90.0,-21.70926183100378,-3.531125038440127e-31,-122.13430174176749,1.00000083951137e-06,108.69963758723182,0.01819493862527139,90.0,-77.98317258893373,0.0,-13.58378195152037,1.2026712407304176e-05,130.18557872476435,0.009286045561083202,90.0,-35.23962082967652,3.531125038440126e-31,-33.33255739671515,1.0,4,99.90901240517186
8.461735102979865e-06,45.15375649151699,0.04082906022040282,90.0,-124.4915317522856,0.0,-175.56428634325533,1.2601356598085792e-05,85.31593513941816,0.04082164913314718,90.0,-53.753287431883834,-3.531125038440125e-31,-91.19416587445724,1.227985276771192e-06,111.46057493752397,0.018638125589090327,90.0,-86.51997182286982,-1.7655625192200634e-31,97.1908243374149,1.2087693343894987e-05,130.1910934063445,0.03147586014986553,90.0,-64.19558921628037,3.531125038440126e-31,-5.094855095908328,1.0,4,99.93417574557186
